LocalTime, GPSTime, ESSID, BSSID, Power, Security, Latitude, Longitude, Latitude Error, Longitude Error, Type
2021-07-19 02:59:45,1900-01-00 00:00:00,,E8:CC:18:A8:69:2A,-43, ,0.000000,0.000000,0.000,0.000,AP
2021-07-19 02:59:45,1900-01-00 00:00:00,Meidan Millioni,E8:CC:18:A8:69:2A,-41, WPA2 ,0.000000,0.000000,0.000,0.000,AP
2021-07-19 02:59:45,1900-01-00 00:00:00,Meidan Millioni,E8:CC:18:A8:69:2A,-43, WPA2 ,0.000000,0.000000,0.000,0.000,AP
2021-07-19 02:59:45,1900-01-00 00:00:00,Meidan Millioni,E8:CC:18:A8:69:2A,-41, WPA2 ,0.000000,0.000000,0.000,0.000,AP
2021-07-19 02:59:45,1900-01-00 00:00:00,Meidan Millioni,E8:CC:18:A8:69:2A,-41, WPA2 ,0.000000,0.000000,0.000,0.000,AP
2021-07-19 02:59:46,1900-01-00 00:00:00,Meidan Millioni,E8:CC:18:A8:69:2A,-43, WPA2 ,0.000000,0.000000,0.000,0.000,AP
2021-07-19 02:59:46,1900-01-00 00:00:00,Meidan Millioni,E8:CC:18:A8:69:2A,-43, WPA2 ,0.000000,0.000000,0.000,0.000,AP
2021-07-19 02:59:46,1900-01-00 00:00:00,Meidan Millioni,E8:CC:18:A8:69:2A,-41, WPA2 ,0.000000,0.000000,0.000,0.000,AP
2021-07-19 02:59:46,1900-01-00 00:00:00,Meidan Millioni,E8:CC:18:A8:69:2A,-43, WPA2 ,0.000000,0.000000,0.000,0.000,AP
2021-07-19 02:59:46,1900-01-00 00:00:00,Meidan Millioni,E8:CC:18:A8:69:2A,-43, WPA2 ,0.000000,0.000000,0.000,0.000,AP
2021-07-19 02:59:46,1900-01-00 00:00:00,Meidan Millioni,E8:CC:18:A8:69:2A,-45, WPA2 ,0.000000,0.000000,0.000,0.000,AP
2021-07-19 02:59:46,1900-01-00 00:00:00,Meidan Millioni,E8:CC:18:A8:69:2A,-43, WPA2 ,0.000000,0.000000,0.000,0.000,AP
2021-07-19 02:59:46,1900-01-00 00:00:00,Meidan Millioni,E8:CC:18:A8:69:2A,-45, WPA2 ,0.000000,0.000000,0.000,0.000,AP
2021-07-19 02:59:46,1900-01-00 00:00:00,Meidan Millioni,E8:CC:18:A8:69:2A,-41, WPA2 ,0.000000,0.000000,0.000,0.000,AP
2021-07-19 02:59:47,1900-01-00 00:00:00,Meidan Millioni,E8:CC:18:A8:69:2A,-43, WPA2 ,0.000000,0.000000,0.000,0.000,AP
2021-07-19 02:59:47,1900-01-00 00:00:00,Meidan Millioni,E8:CC:18:A8:69:2A,-43, WPA2 ,0.000000,0.000000,0.000,0.000,AP
2021-07-19 02:59:47,1900-01-00 00:00:00,Meidan Millioni,E8:CC:18:A8:69:2A,-41, WPA2 ,0.000000,0.000000,0.000,0.000,AP
2021-07-19 02:59:47,1900-01-00 00:00:00,Meidan Millioni,E8:CC:18:A8:69:2A,-43, WPA2 ,0.000000,0.000000,0.000,0.000,AP
2021-07-19 02:59:47,1900-01-00 00:00:00,Meidan Millioni,E8:CC:18:A8:69:2A,-41, WPA2 ,0.000000,0.000000,0.000,0.000,AP
2021-07-19 02:59:47,1900-01-00 00:00:00,Meidan Millioni,E8:CC:18:A8:69:2A,-43, WPA2 ,0.000000,0.000000,0.000,0.000,AP
2021-07-19 02:59:47,1900-01-00 00:00:00,Meidan Millioni,E8:CC:18:A8:69:2A,-43, WPA2 ,0.000000,0.000000,0.000,0.000,AP
2021-07-19 02:59:47,1900-01-00 00:00:00,Meidan Millioni,E8:CC:18:A8:69:2A,-43, WPA2 ,0.000000,0.000000,0.000,0.000,AP
2021-07-19 02:59:47,1900-01-00 00:00:00,Meidan Millioni,E8:CC:18:A8:69:2A,-43, WPA2 ,0.000000,0.000000,0.000,0.000,AP
2021-07-19 02:59:47,1900-01-00 00:00:00,Meidan Millioni,E8:CC:18:A8:69:2A,-41, WPA2 ,0.000000,0.000000,0.000,0.000,AP
2021-07-19 02:59:48,1900-01-00 00:00:00,Meidan Millioni,E8:CC:18:A8:69:2A,-43, WPA2 ,0.000000,0.000000,0.000,0.000,AP
2021-07-19 02:59:48,1900-01-00 00:00:00,Meidan Millioni,E8:CC:18:A8:69:2A,-41, WPA2 ,0.000000,0.000000,0.000,0.000,AP
2021-07-19 02:59:48,1900-01-00 00:00:00,Meidan Millioni,E8:CC:18:A8:69:2A,-43, WPA2 ,0.000000,0.000000,0.000,0.000,AP
2021-07-19 02:59:48,1900-01-00 00:00:00,Meidan Millioni,E8:CC:18:A8:69:2A,-43, WPA2 ,0.000000,0.000000,0.000,0.000,AP
2021-07-19 02:59:48,1900-01-00 00:00:00,Meidan Millioni,E8:CC:18:A8:69:2A,-43, WPA2 ,0.000000,0.000000,0.000,0.000,AP
2021-07-19 02:59:48,1900-01-00 00:00:00,Meidan Millioni,E8:CC:18:A8:69:2A,-45, WPA2 ,0.000000,0.000000,0.000,0.000,AP
2021-07-19 02:59:48,1900-01-00 00:00:00,Meidan Millioni,E8:CC:18:A8:69:2A,-43, WPA2 ,0.000000,0.000000,0.000,0.000,AP
2021-07-19 02:59:48,1900-01-00 00:00:00,Meidan Millioni,E8:CC:18:A8:69:2A,-45, WPA2 ,0.000000,0.000000,0.000,0.000,AP
2021-07-19 02:59:48,1900-01-00 00:00:00,Meidan Millioni,E8:CC:18:A8:69:2A,-43, WPA2 ,0.000000,0.000000,0.000,0.000,AP
2021-07-19 02:59:48,1900-01-00 00:00:00,Meidan Millioni,E8:CC:18:A8:69:2A,-43, WPA2 ,0.000000,0.000000,0.000,0.000,AP
2021-07-19 02:59:49,1900-01-00 00:00:00,Meidan Millioni,E8:CC:18:A8:69:2A,-41, WPA2 ,0.000000,0.000000,0.000,0.000,AP
2021-07-19 02:59:49,1900-01-00 00:00:00,Meidan Millioni,E8:CC:18:A8:69:2A,-43, WPA2 ,0.000000,0.000000,0.000,0.000,AP
2021-07-19 02:59:49,1900-01-00 00:00:00,Meidan Millioni,E8:CC:18:A8:69:2A,-43, WPA2 ,0.000000,0.000000,0.000,0.000,AP
2021-07-19 02:59:49,1900-01-00 00:00:00,Meidan Millioni,E8:CC:18:A8:69:2A,-43, WPA2 ,0.000000,0.000000,0.000,0.000,AP
2021-07-19 02:59:49,1900-01-00 00:00:00,Meidan Millioni,E8:CC:18:A8:69:2A,-45, WPA2 ,0.000000,0.000000,0.000,0.000,AP
2021-07-19 02:59:49,1900-01-00 00:00:00,Meidan Millioni,E8:CC:18:A8:69:2A,-43, WPA2 ,0.000000,0.000000,0.000,0.000,AP
2021-07-19 02:59:49,1900-01-00 00:00:00,Meidan Millioni,E8:CC:18:A8:69:2A,-43, WPA2 ,0.000000,0.000000,0.000,0.000,AP
2021-07-19 02:59:49,1900-01-00 00:00:00,Meidan Millioni,E8:CC:18:A8:69:2A,-43, WPA2 ,0.000000,0.000000,0.000,0.000,AP
2021-07-19 02:59:49,1900-01-00 00:00:00,Meidan Millioni,E8:CC:18:A8:69:2A,-43, WPA2 ,0.000000,0.000000,0.000,0.000,AP
2021-07-19 02:59:49,1900-01-00 00:00:00,Meidan Millioni,E8:CC:18:A8:69:2A,-43, WPA2 ,0.000000,0.000000,0.000,0.000,AP
2021-07-19 02:59:50,1900-01-00 00:00:00,Meidan Millioni,E8:CC:18:A8:69:2A,-41, WPA2 ,0.000000,0.000000,0.000,0.000,AP
2021-07-19 02:59:50,1900-01-00 00:00:00,Meidan Millioni,E8:CC:18:A8:69:2A,-43, WPA2 ,0.000000,0.000000,0.000,0.000,AP
2021-07-19 02:59:50,1900-01-00 00:00:00,Meidan Millioni,E8:CC:18:A8:69:2A,-43, WPA2 ,0.000000,0.000000,0.000,0.000,AP
2021-07-19 02:59:50,1900-01-00 00:00:00,Meidan Millioni,E8:CC:18:A8:69:2A,-43, WPA2 ,0.000000,0.000000,0.000,0.000,AP
2021-07-19 02:59:50,1900-01-00 00:00:00,Meidan Millioni,E8:CC:18:A8:69:2A,-43, WPA2 ,0.000000,0.000000,0.000,0.000,AP
2021-07-19 02:59:50,1900-01-00 00:00:00,Meidan Millioni,E8:CC:18:A8:69:2A,-43, WPA2 ,0.000000,0.000000,0.000,0.000,AP
2021-07-19 02:59:50,1900-01-00 00:00:00,Meidan Millioni,E8:CC:18:A8:69:2A,-43, WPA2 ,0.000000,0.000000,0.000,0.000,AP
2021-07-19 02:59:50,1900-01-00 00:00:00,Meidan Millioni,E8:CC:18:A8:69:2A,-43, WPA2 ,0.000000,0.000000,0.000,0.000,AP
2021-07-19 02:59:50,1900-01-00 00:00:00,Meidan Millioni,E8:CC:18:A8:69:2A,-41, WPA2 ,0.000000,0.000000,0.000,0.000,AP
2021-07-19 02:59:51,1900-01-00 00:00:00,Meidan Millioni,E8:CC:18:A8:69:2A,-43, WPA2 ,0.000000,0.000000,0.000,0.000,AP
2021-07-19 02:59:51,1900-01-00 00:00:00,Meidan Millioni,E8:CC:18:A8:69:2A,-43, WPA2 ,0.000000,0.000000,0.000,0.000,AP
2021-07-19 02:59:51,1900-01-00 00:00:00,Meidan Millioni,E8:CC:18:A8:69:2A,-43, WPA2 ,0.000000,0.000000,0.000,0.000,AP
2021-07-19 02:59:51,1900-01-00 00:00:00,Meidan Millioni,E8:CC:18:A8:69:2A,-43, WPA2 ,0.000000,0.000000,0.000,0.000,AP
2021-07-19 02:59:51,1900-01-00 00:00:00,Meidan Millioni,E8:CC:18:A8:69:2A,-43, WPA2 ,0.000000,0.000000,0.000,0.000,AP
2021-07-19 02:59:51,1900-01-00 00:00:00,Meidan Millioni,E8:CC:18:A8:69:2A,-43, WPA2 ,0.000000,0.000000,0.000,0.000,AP
2021-07-19 02:59:51,1900-01-00 00:00:00,Meidan Millioni,E8:CC:18:A8:69:2A,-43, WPA2 ,0.000000,0.000000,0.000,0.000,AP
2021-07-19 02:59:51,1900-01-00 00:00:00,Meidan Millioni,E8:CC:18:A8:69:2A,-43, WPA2 ,0.000000,0.000000,0.000,0.000,AP
2021-07-19 02:59:51,1900-01-00 00:00:00,Meidan Millioni,E8:CC:18:A8:69:2A,-43, WPA2 ,0.000000,0.000000,0.000,0.000,AP
2021-07-19 02:59:51,1900-01-00 00:00:00,Meidan Millioni,E8:CC:18:A8:69:2A,-43, WPA2 ,0.000000,0.000000,0.000,0.000,AP
2021-07-19 02:59:52,1900-01-00 00:00:00,Meidan Millioni,E8:CC:18:A8:69:2A,-43, WPA2 ,0.000000,0.000000,0.000,0.000,AP
2021-07-19 02:59:52,1900-01-00 00:00:00,Meidan Millioni,E8:CC:18:A8:69:2A,-43, WPA2 ,0.000000,0.000000,0.000,0.000,AP
2021-07-19 02:59:52,1900-01-00 00:00:00,Meidan Millioni,E8:CC:18:A8:69:2A,-43, WPA2 ,0.000000,0.000000,0.000,0.000,AP
2021-07-19 02:59:52,1900-01-00 00:00:00,Meidan Millioni,E8:CC:18:A8:69:2A,-43, WPA2 ,0.000000,0.000000,0.000,0.000,AP
2021-07-19 02:59:52,1900-01-00 00:00:00,Meidan Millioni,E8:CC:18:A8:69:2A,-43, WPA2 ,0.000000,0.000000,0.000,0.000,AP
2021-07-19 02:59:52,1900-01-00 00:00:00,Meidan Millioni,E8:CC:18:A8:69:2A,-43, WPA2 ,0.000000,0.000000,0.000,0.000,AP
2021-07-19 02:59:52,1900-01-00 00:00:00,Meidan Millioni,E8:CC:18:A8:69:2A,-41, WPA2 ,0.000000,0.000000,0.000,0.000,AP
2021-07-19 02:59:52,1900-01-00 00:00:00,Meidan Millioni,E8:CC:18:A8:69:2A,-43, WPA2 ,0.000000,0.000000,0.000,0.000,AP
2021-07-19 02:59:52,1900-01-00 00:00:00,Meidan Millioni,E8:CC:18:A8:69:2A,-41, WPA2 ,0.000000,0.000000,0.000,0.000,AP
2021-07-19 02:59:52,1900-01-00 00:00:00,Meidan Millioni,E8:CC:18:A8:69:2A,-43, WPA2 ,0.000000,0.000000,0.000,0.000,AP
2021-07-19 02:59:53,1900-01-00 00:00:00,Meidan Millioni,E8:CC:18:A8:69:2A,-43, WPA2 ,0.000000,0.000000,0.000,0.000,AP
2021-07-19 02:59:53,1900-01-00 00:00:00,Meidan Millioni,E8:CC:18:A8:69:2A,-43, WPA2 ,0.000000,0.000000,0.000,0.000,AP
2021-07-19 02:59:53,1900-01-00 00:00:00,Meidan Millioni,E8:CC:18:A8:69:2A,-41, WPA2 ,0.000000,0.000000,0.000,0.000,AP
2021-07-19 02:59:53,1900-01-00 00:00:00,Meidan Millioni,E8:CC:18:A8:69:2A,-41, WPA2 ,0.000000,0.000000,0.000,0.000,AP
2021-07-19 02:59:53,1900-01-00 00:00:00,Meidan Millioni,E8:CC:18:A8:69:2A,-43, WPA2 ,0.000000,0.000000,0.000,0.000,AP
2021-07-19 02:59:53,1900-01-00 00:00:00,Meidan Millioni,E8:CC:18:A8:69:2A,-41, WPA2 ,0.000000,0.000000,0.000,0.000,AP
2021-07-19 02:59:53,1900-01-00 00:00:00,Meidan Millioni,E8:CC:18:A8:69:2A,-41, WPA2 ,0.000000,0.000000,0.000,0.000,AP
2021-07-19 02:59:53,1900-01-00 00:00:00,Meidan Millioni,E8:CC:18:A8:69:2A,-43, WPA2 ,0.000000,0.000000,0.000,0.000,AP
2021-07-19 02:59:54,1900-01-00 00:00:00,Meidan Millioni,E8:CC:18:A8:69:2A,-41, WPA2 ,0.000000,0.000000,0.000,0.000,AP
2021-07-19 02:59:54,1900-01-00 00:00:00,Meidan Millioni,E8:CC:18:A8:69:2A,-43, WPA2 ,0.000000,0.000000,0.000,0.000,AP
2021-07-19 02:59:54,1900-01-00 00:00:00,Meidan Millioni,E8:CC:18:A8:69:2A,-43, WPA2 ,0.000000,0.000000,0.000,0.000,AP
2021-07-19 02:59:54,1900-01-00 00:00:00,Meidan Millioni,E8:CC:18:A8:69:2A,-43, WPA2 ,0.000000,0.000000,0.000,0.000,AP
2021-07-19 02:59:54,1900-01-00 00:00:00,Meidan Millioni,E8:CC:18:A8:69:2A,-43, WPA2 ,0.000000,0.000000,0.000,0.000,AP
2021-07-19 02:59:54,1900-01-00 00:00:00,Meidan Millioni,E8:CC:18:A8:69:2A,-43, WPA2 ,0.000000,0.000000,0.000,0.000,AP
2021-07-19 02:59:54,1900-01-00 00:00:00,Meidan Millioni,E8:CC:18:A8:69:2A,-43, WPA2 ,0.000000,0.000000,0.000,0.000,AP
2021-07-19 02:59:54,1900-01-00 00:00:00,Meidan Millioni,E8:CC:18:A8:69:2A,-43, WPA2 ,0.000000,0.000000,0.000,0.000,AP
2021-07-19 02:59:55,1900-01-00 00:00:00,Meidan Millioni,E8:CC:18:A8:69:2A,-45, WPA2 ,0.000000,0.000000,0.000,0.000,AP
2021-07-19 02:59:55,1900-01-00 00:00:00,Meidan Millioni,E8:CC:18:A8:69:2A,-45, WPA2 ,0.000000,0.000000,0.000,0.000,AP
2021-07-19 02:59:55,1900-01-00 00:00:00,Meidan Millioni,E8:CC:18:A8:69:2A,-43, WPA2 ,0.000000,0.000000,0.000,0.000,AP
2021-07-19 02:59:55,1900-01-00 00:00:00,Meidan Millioni,E8:CC:18:A8:69:2A,-41, WPA2 ,0.000000,0.000000,0.000,0.000,AP
2021-07-19 02:59:55,1900-01-00 00:00:00,Meidan Millioni,E8:CC:18:A8:69:2A,-43, WPA2 ,0.000000,0.000000,0.000,0.000,AP
2021-07-19 02:59:55,1900-01-00 00:00:00,Meidan Millioni,E8:CC:18:A8:69:2A,-41, WPA2 ,0.000000,0.000000,0.000,0.000,AP
2021-07-19 02:59:55,1900-01-00 00:00:00,Meidan Millioni,E8:CC:18:A8:69:2A,-41, WPA2 ,0.000000,0.000000,0.000,0.000,AP
2021-07-19 02:59:55,1900-01-00 00:00:00,Meidan Millioni,E8:CC:18:A8:69:2A,-41, WPA2 ,0.000000,0.000000,0.000,0.000,AP
2021-07-19 02:59:55,1900-01-00 00:00:00,Meidan Millioni,E8:CC:18:A8:69:2A,-41, WPA2 ,0.000000,0.000000,0.000,0.000,AP
2021-07-19 02:59:55,1900-01-00 00:00:00,Meidan Millioni,E8:CC:18:A8:69:2A,-41, WPA2 ,0.000000,0.000000,0.000,0.000,AP
2021-07-19 02:59:56,1900-01-00 00:00:00,Meidan Millioni,E8:CC:18:A8:69:2A,-43, WPA2 ,0.000000,0.000000,0.000,0.000,AP
2021-07-19 02:59:56,1900-01-00 00:00:00,Meidan Millioni,E8:CC:18:A8:69:2A,-41, WPA2 ,0.000000,0.000000,0.000,0.000,AP
2021-07-19 02:59:56,1900-01-00 00:00:00,Meidan Millioni,E8:CC:18:A8:69:2A,-41, WPA2 ,0.000000,0.000000,0.000,0.000,AP
2021-07-19 02:59:56,1900-01-00 00:00:00,Meidan Millioni,E8:CC:18:A8:69:2A,-41, WPA2 ,0.000000,0.000000,0.000,0.000,AP
2021-07-19 02:59:56,1900-01-00 00:00:00,Meidan Millioni,E8:CC:18:A8:69:2A,-39, WPA2 ,0.000000,0.000000,0.000,0.000,AP
2021-07-19 02:59:56,1900-01-00 00:00:00,Meidan Millioni,E8:CC:18:A8:69:2A,-41, WPA2 ,0.000000,0.000000,0.000,0.000,AP
2021-07-19 02:59:56,1900-01-00 00:00:00,Meidan Millioni,E8:CC:18:A8:69:2A,-41, WPA2 ,0.000000,0.000000,0.000,0.000,AP
2021-07-19 02:59:56,1900-01-00 00:00:00,Meidan Millioni,E8:CC:18:A8:69:2A,-41, WPA2 ,0.000000,0.000000,0.000,0.000,AP
2021-07-19 02:59:56,1900-01-00 00:00:00,Meidan Millioni,E8:CC:18:A8:69:2A,-43, WPA2 ,0.000000,0.000000,0.000,0.000,AP
2021-07-19 02:59:56,1900-01-00 00:00:00,Meidan Millioni,E8:CC:18:A8:69:2A,-41, WPA2 ,0.000000,0.000000,0.000,0.000,AP
2021-07-19 02:59:57,1900-01-00 00:00:00,Meidan Millioni,E8:CC:18:A8:69:2A,-43, WPA2 ,0.000000,0.000000,0.000,0.000,AP
2021-07-19 02:59:57,1900-01-00 00:00:00,Meidan Millioni,E8:CC:18:A8:69:2A,-41, WPA2 ,0.000000,0.000000,0.000,0.000,AP
2021-07-19 02:59:57,1900-01-00 00:00:00,Meidan Millioni,E8:CC:18:A8:69:2A,-41, WPA2 ,0.000000,0.000000,0.000,0.000,AP
2021-07-19 02:59:57,1900-01-00 00:00:00,Meidan Millioni,E8:CC:18:A8:69:2A,-41, WPA2 ,0.000000,0.000000,0.000,0.000,AP
2021-07-19 02:59:57,1900-01-00 00:00:00,Meidan Millioni,E8:CC:18:A8:69:2A,-41, WPA2 ,0.000000,0.000000,0.000,0.000,AP
2021-07-19 02:59:57,1900-01-00 00:00:00,Meidan Millioni,E8:CC:18:A8:69:2A,-39, WPA2 ,0.000000,0.000000,0.000,0.000,AP
2021-07-19 02:59:57,1900-01-00 00:00:00,Meidan Millioni,E8:CC:18:A8:69:2A,-39, WPA2 ,0.000000,0.000000,0.000,0.000,AP
2021-07-19 02:59:57,1900-01-00 00:00:00,Meidan Millioni,E8:CC:18:A8:69:2A,-39, WPA2 ,0.000000,0.000000,0.000,0.000,AP
2021-07-19 02:59:57,1900-01-00 00:00:00,Meidan Millioni,E8:CC:18:A8:69:2A,-41, WPA2 ,0.000000,0.000000,0.000,0.000,AP
2021-07-19 02:59:58,1900-01-00 00:00:00,Meidan Millioni,E8:CC:18:A8:69:2A,-39, WPA2 ,0.000000,0.000000,0.000,0.000,AP
2021-07-19 02:59:58,1900-01-00 00:00:00,Meidan Millioni,E8:CC:18:A8:69:2A,-41, WPA2 ,0.000000,0.000000,0.000,0.000,AP
2021-07-19 02:59:58,1900-01-00 00:00:00,Meidan Millioni,E8:CC:18:A8:69:2A,-43, WPA2 ,0.000000,0.000000,0.000,0.000,AP
2021-07-19 02:59:58,1900-01-00 00:00:00,Meidan Millioni,E8:CC:18:A8:69:2A,-43, WPA2 ,0.000000,0.000000,0.000,0.000,AP
2021-07-19 02:59:58,1900-01-00 00:00:00,Meidan Millioni,E8:CC:18:A8:69:2A,-43, WPA2 ,0.000000,0.000000,0.000,0.000,AP
2021-07-19 02:59:58,1900-01-00 00:00:00,Meidan Millioni,E8:CC:18:A8:69:2A,-41, WPA2 ,0.000000,0.000000,0.000,0.000,AP
2021-07-19 02:59:58,1900-01-00 00:00:00,Meidan Millioni,E8:CC:18:A8:69:2A,-43, WPA2 ,0.000000,0.000000,0.000,0.000,AP
2021-07-19 02:59:58,1900-01-00 00:00:00,Meidan Millioni,E8:CC:18:A8:69:2A,-43, WPA2 ,0.000000,0.000000,0.000,0.000,AP
2021-07-19 02:59:58,1900-01-00 00:00:00,Meidan Millioni,E8:CC:18:A8:69:2A,-43, WPA2 ,0.000000,0.000000,0.000,0.000,AP
2021-07-19 02:59:59,1900-01-00 00:00:00,Meidan Millioni,E8:CC:18:A8:69:2A,-43, WPA2 ,0.000000,0.000000,0.000,0.000,AP
2021-07-19 02:59:59,1900-01-00 00:00:00,Meidan Millioni,E8:CC:18:A8:69:2A,-43, WPA2 ,0.000000,0.000000,0.000,0.000,AP
2021-07-19 02:59:59,1900-01-00 00:00:00,Meidan Millioni,E8:CC:18:A8:69:2A,-41, WPA2 ,0.000000,0.000000,0.000,0.000,AP
2021-07-19 02:59:59,1900-01-00 00:00:00,Meidan Millioni,E8:CC:18:A8:69:2A,-41, WPA2 ,0.000000,0.000000,0.000,0.000,AP
2021-07-19 02:59:59,1900-01-00 00:00:00,Meidan Millioni,E8:CC:18:A8:69:2A,-41, WPA2 ,0.000000,0.000000,0.000,0.000,AP
2021-07-19 02:59:59,1900-01-00 00:00:00,Meidan Millioni,E8:CC:18:A8:69:2A,-41, WPA2 ,0.000000,0.000000,0.000,0.000,AP
2021-07-19 02:59:59,1900-01-00 00:00:00,Meidan Millioni,E8:CC:18:A8:69:2A,-41, WPA2 ,0.000000,0.000000,0.000,0.000,AP
2021-07-19 02:59:59,1900-01-00 00:00:00,Meidan Millioni,E8:CC:18:A8:69:2A,-39, WPA2 ,0.000000,0.000000,0.000,0.000,AP
2021-07-19 03:00:00,1900-01-00 00:00:00,Meidan Millioni,E8:CC:18:A8:69:2A,-41, WPA2 ,0.000000,0.000000,0.000,0.000,AP
2021-07-19 03:00:00,1900-01-00 00:00:00,Meidan Millioni,E8:CC:18:A8:69:2A,-41, WPA2 ,0.000000,0.000000,0.000,0.000,AP
2021-07-19 03:00:00,1900-01-00 00:00:00,Meidan Millioni,E8:CC:18:A8:69:2A,-41, WPA2 ,0.000000,0.000000,0.000,0.000,AP
2021-07-19 03:00:00,1900-01-00 00:00:00,Meidan Millioni,E8:CC:18:A8:69:2A,-41, WPA2 ,0.000000,0.000000,0.000,0.000,AP
2021-07-19 03:00:00,1900-01-00 00:00:00,Meidan Millioni,E8:CC:18:A8:69:2A,-41, WPA2 ,0.000000,0.000000,0.000,0.000,AP
2021-07-19 03:00:00,1900-01-00 00:00:00,Meidan Millioni,E8:CC:18:A8:69:2A,-43, WPA2 ,0.000000,0.000000,0.000,0.000,AP
2021-07-19 03:00:00,1900-01-00 00:00:00,Meidan Millioni,E8:CC:18:A8:69:2A,-43, WPA2 ,0.000000,0.000000,0.000,0.000,AP
2021-07-19 03:00:00,1900-01-00 00:00:00,Meidan Millioni,E8:CC:18:A8:69:2A,-41, WPA2 ,0.000000,0.000000,0.000,0.000,AP
2021-07-19 03:00:00,1900-01-00 00:00:00,Meidan Millioni,E8:CC:18:A8:69:2A,-41, WPA2 ,0.000000,0.000000,0.000,0.000,AP
2021-07-19 03:00:01,1900-01-00 00:00:00,Meidan Millioni,E8:CC:18:A8:69:2A,-41, WPA2 ,0.000000,0.000000,0.000,0.000,AP
2021-07-19 03:00:01,1900-01-00 00:00:00,Meidan Millioni,E8:CC:18:A8:69:2A,-41, WPA2 ,0.000000,0.000000,0.000,0.000,AP
2021-07-19 03:00:01,1900-01-00 00:00:00,Meidan Millioni,E8:CC:18:A8:69:2A,-43, WPA2 ,0.000000,0.000000,0.000,0.000,AP
2021-07-19 03:00:01,1900-01-00 00:00:00,Meidan Millioni,E8:CC:18:A8:69:2A,-41, WPA2 ,0.000000,0.000000,0.000,0.000,AP
2021-07-19 03:00:01,1900-01-00 00:00:00,Meidan Millioni,E8:CC:18:A8:69:2A,-43, WPA2 ,0.000000,0.000000,0.000,0.000,AP
2021-07-19 03:00:01,1900-01-00 00:00:00,Meidan Millioni,E8:CC:18:A8:69:2A,-43, WPA2 ,0.000000,0.000000,0.000,0.000,AP
2021-07-19 03:00:01,1900-01-00 00:00:00,Meidan Millioni,E8:CC:18:A8:69:2A,-41, WPA2 ,0.000000,0.000000,0.000,0.000,AP
2021-07-19 03:00:01,1900-01-00 00:00:00,Meidan Millioni,E8:CC:18:A8:69:2A,-41, WPA2 ,0.000000,0.000000,0.000,0.000,AP
2021-07-19 03:00:01,1900-01-00 00:00:00,Meidan Millioni,E8:CC:18:A8:69:2A,-43, WPA2 ,0.000000,0.000000,0.000,0.000,AP
2021-07-19 03:00:01,1900-01-00 00:00:00,Meidan Millioni,E8:CC:18:A8:69:2A,-41, WPA2 ,0.000000,0.000000,0.000,0.000,AP
2021-07-19 03:00:02,1900-01-00 00:00:00,Meidan Millioni,E8:CC:18:A8:69:2A,-41, WPA2 ,0.000000,0.000000,0.000,0.000,AP
2021-07-19 03:00:02,1900-01-00 00:00:00,Meidan Millioni,E8:CC:18:A8:69:2A,-41, WPA2 ,0.000000,0.000000,0.000,0.000,AP
2021-07-19 03:00:02,1900-01-00 00:00:00,Meidan Millioni,E8:CC:18:A8:69:2A,-43, WPA2 ,0.000000,0.000000,0.000,0.000,AP
2021-07-19 03:00:02,1900-01-00 00:00:00,Meidan Millioni,E8:CC:18:A8:69:2A,-41, WPA2 ,0.000000,0.000000,0.000,0.000,AP
2021-07-19 03:00:02,1900-01-00 00:00:00,Meidan Millioni,E8:CC:18:A8:69:2A,-43, WPA2 ,0.000000,0.000000,0.000,0.000,AP
2021-07-19 03:00:02,1900-01-00 00:00:00,Meidan Millioni,E8:CC:18:A8:69:2A,-43, WPA2 ,0.000000,0.000000,0.000,0.000,AP
2021-07-19 03:00:02,1900-01-00 00:00:00,Meidan Millioni,E8:CC:18:A8:69:2A,-43, WPA2 ,0.000000,0.000000,0.000,0.000,AP
2021-07-19 03:00:02,1900-01-00 00:00:00,Meidan Millioni,E8:CC:18:A8:69:2A,-79, WPA2 ,0.000000,0.000000,0.000,0.000,AP
2021-07-19 03:00:02,1900-01-00 00:00:00,Meidan Millioni,E8:CC:18:A8:69:2A,-43, WPA2 ,0.000000,0.000000,0.000,0.000,AP
2021-07-19 03:00:03,1900-01-00 00:00:00,Meidan Millioni,E8:CC:18:A8:69:2A,-41, WPA2 ,0.000000,0.000000,0.000,0.000,AP
2021-07-19 03:00:03,1900-01-00 00:00:00,Meidan Millioni,E8:CC:18:A8:69:2A,-43, WPA2 ,0.000000,0.000000,0.000,0.000,AP
2021-07-19 03:00:03,1900-01-00 00:00:00,Meidan Millioni,E8:CC:18:A8:69:2A,-43, WPA2 ,0.000000,0.000000,0.000,0.000,AP
2021-07-19 03:00:03,1900-01-00 00:00:00,Meidan Millioni,E8:CC:18:A8:69:2A,-43, WPA2 ,0.000000,0.000000,0.000,0.000,AP
2021-07-19 03:00:03,1900-01-00 00:00:00,Meidan Millioni,E8:CC:18:A8:69:2A,-43, WPA2 ,0.000000,0.000000,0.000,0.000,AP
2021-07-19 03:00:03,1900-01-00 00:00:00,Meidan Millioni,E8:CC:18:A8:69:2A,-43, WPA2 ,0.000000,0.000000,0.000,0.000,AP
2021-07-19 03:00:03,1900-01-00 00:00:00,Meidan Millioni,E8:CC:18:A8:69:2A,-43, WPA2 ,0.000000,0.000000,0.000,0.000,AP
2021-07-19 03:00:03,1900-01-00 00:00:00,Meidan Millioni,E8:CC:18:A8:69:2A,-43, WPA2 ,0.000000,0.000000,0.000,0.000,AP
2021-07-19 03:00:04,1900-01-00 00:00:00,Meidan Millioni,E8:CC:18:A8:69:2A,-43, WPA2 ,0.000000,0.000000,0.000,0.000,AP
2021-07-19 03:00:04,1900-01-00 00:00:00,Meidan Millioni,E8:CC:18:A8:69:2A,-43, WPA2 ,0.000000,0.000000,0.000,0.000,AP
2021-07-19 03:00:04,1900-01-00 00:00:00,Meidan Millioni,E8:CC:18:A8:69:2A,-41, WPA2 ,0.000000,0.000000,0.000,0.000,AP
2021-07-19 03:00:04,1900-01-00 00:00:00,Meidan Millioni,E8:CC:18:A8:69:2A,-41, WPA2 ,0.000000,0.000000,0.000,0.000,AP
2021-07-19 03:00:04,1900-01-00 00:00:00,Meidan Millioni,E8:CC:18:A8:69:2A,-43, WPA2 ,0.000000,0.000000,0.000,0.000,AP
2021-07-19 03:00:04,1900-01-00 00:00:00,Meidan Millioni,E8:CC:18:A8:69:2A,-43, WPA2 ,0.000000,0.000000,0.000,0.000,AP
2021-07-19 03:00:04,1900-01-00 00:00:00,Meidan Millioni,E8:CC:18:A8:69:2A,-43, WPA2 ,0.000000,0.000000,0.000,0.000,AP
2021-07-19 03:00:04,1900-01-00 00:00:00,Meidan Millioni,E8:CC:18:A8:69:2A,-43, WPA2 ,0.000000,0.000000,0.000,0.000,AP
2021-07-19 03:00:04,1900-01-00 00:00:00,Meidan Millioni,E8:CC:18:A8:69:2A,-41, WPA2 ,0.000000,0.000000,0.000,0.000,AP
2021-07-19 03:00:04,1900-01-00 00:00:00,Meidan Millioni,E8:CC:18:A8:69:2A,-41, WPA2 ,0.000000,0.000000,0.000,0.000,AP
2021-07-19 03:00:05,1900-01-00 00:00:00,Meidan Millioni,E8:CC:18:A8:69:2A,-43, WPA2 ,0.000000,0.000000,0.000,0.000,AP
2021-07-19 03:00:05,1900-01-00 00:00:00,Meidan Millioni,E8:CC:18:A8:69:2A,-43, WPA2 ,0.000000,0.000000,0.000,0.000,AP
2021-07-19 03:00:05,1900-01-00 00:00:00,Meidan Millioni,E8:CC:18:A8:69:2A,-41, WPA2 ,0.000000,0.000000,0.000,0.000,AP
2021-07-19 03:00:05,1900-01-00 00:00:00,Meidan Millioni,E8:CC:18:A8:69:2A,-41, WPA2 ,0.000000,0.000000,0.000,0.000,AP
2021-07-19 03:00:05,1900-01-00 00:00:00,Meidan Millioni,E8:CC:18:A8:69:2A,-43, WPA2 ,0.000000,0.000000,0.000,0.000,AP
2021-07-19 03:00:05,1900-01-00 00:00:00,Meidan Millioni,E8:CC:18:A8:69:2A,-43, WPA2 ,0.000000,0.000000,0.000,0.000,AP
2021-07-19 03:00:05,1900-01-00 00:00:00,Meidan Millioni,E8:CC:18:A8:69:2A,-41, WPA2 ,0.000000,0.000000,0.000,0.000,AP
2021-07-19 03:00:05,1900-01-00 00:00:00,Meidan Millioni,E8:CC:18:A8:69:2A,-41, WPA2 ,0.000000,0.000000,0.000,0.000,AP
2021-07-19 03:00:06,1900-01-00 00:00:00,Meidan Millioni,E8:CC:18:A8:69:2A,-43, WPA2 ,0.000000,0.000000,0.000,0.000,AP
2021-07-19 03:00:06,1900-01-00 00:00:00,Meidan Millioni,E8:CC:18:A8:69:2A,-41, WPA2 ,0.000000,0.000000,0.000,0.000,AP
2021-07-19 03:00:06,1900-01-00 00:00:00,Meidan Millioni,E8:CC:18:A8:69:2A,-43, WPA2 ,0.000000,0.000000,0.000,0.000,AP
2021-07-19 03:00:06,1900-01-00 00:00:00,Meidan Millioni,E8:CC:18:A8:69:2A,-43, WPA2 ,0.000000,0.000000,0.000,0.000,AP
2021-07-19 03:00:06,1900-01-00 00:00:00,Meidan Millioni,E8:CC:18:A8:69:2A,-43, WPA2 ,0.000000,0.000000,0.000,0.000,AP
2021-07-19 03:00:06,1900-01-00 00:00:00,Meidan Millioni,E8:CC:18:A8:69:2A,-41, WPA2 ,0.000000,0.000000,0.000,0.000,AP
2021-07-19 03:00:06,1900-01-00 00:00:00,Meidan Millioni,E8:CC:18:A8:69:2A,-43, WPA2 ,0.000000,0.000000,0.000,0.000,AP
2021-07-19 03:00:06,1900-01-00 00:00:00,Meidan Millioni,E8:CC:18:A8:69:2A,-43, WPA2 ,0.000000,0.000000,0.000,0.000,AP
2021-07-19 03:00:06,1900-01-00 00:00:00,Meidan Millioni,E8:CC:18:A8:69:2A,-41, WPA2 ,0.000000,0.000000,0.000,0.000,AP
2021-07-19 03:00:07,1900-01-00 00:00:00,Meidan Millioni,E8:CC:18:A8:69:2A,-43, WPA2 ,0.000000,0.000000,0.000,0.000,AP
2021-07-19 03:00:07,1900-01-00 00:00:00,Meidan Millioni,E8:CC:18:A8:69:2A,-41, WPA2 ,0.000000,0.000000,0.000,0.000,AP
2021-07-19 03:00:07,1900-01-00 00:00:00,Meidan Millioni,E8:CC:18:A8:69:2A,-41, WPA2 ,0.000000,0.000000,0.000,0.000,AP
2021-07-19 03:00:07,1900-01-00 00:00:00,Meidan Millioni,E8:CC:18:A8:69:2A,-41, WPA2 ,0.000000,0.000000,0.000,0.000,AP
2021-07-19 03:00:07,1900-01-00 00:00:00,Meidan Millioni,E8:CC:18:A8:69:2A,-43, WPA2 ,0.000000,0.000000,0.000,0.000,AP
2021-07-19 03:00:07,1900-01-00 00:00:00,Meidan Millioni,E8:CC:18:A8:69:2A,-41, WPA2 ,0.000000,0.000000,0.000,0.000,AP
2021-07-19 03:00:07,1900-01-00 00:00:00,Meidan Millioni,E8:CC:18:A8:69:2A,-41, WPA2 ,0.000000,0.000000,0.000,0.000,AP
2021-07-19 03:00:07,1900-01-00 00:00:00,Meidan Millioni,E8:CC:18:A8:69:2A,-41, WPA2 ,0.000000,0.000000,0.000,0.000,AP
2021-07-19 03:00:08,1900-01-00 00:00:00,Meidan Millioni,E8:CC:18:A8:69:2A,-41, WPA2 ,0.000000,0.000000,0.000,0.000,AP
2021-07-19 03:00:08,1900-01-00 00:00:00,Meidan Millioni,E8:CC:18:A8:69:2A,-41, WPA2 ,0.000000,0.000000,0.000,0.000,AP
2021-07-19 03:00:08,1900-01-00 00:00:00,Meidan Millioni,E8:CC:18:A8:69:2A,-41, WPA2 ,0.000000,0.000000,0.000,0.000,AP
2021-07-19 03:00:08,1900-01-00 00:00:00,Meidan Millioni,E8:CC:18:A8:69:2A,-43, WPA2 ,0.000000,0.000000,0.000,0.000,AP
2021-07-19 03:00:08,1900-01-00 00:00:00,Meidan Millioni,E8:CC:18:A8:69:2A,-41, WPA2 ,0.000000,0.000000,0.000,0.000,AP
2021-07-19 03:00:08,1900-01-00 00:00:00,Meidan Millioni,E8:CC:18:A8:69:2A,-41, WPA2 ,0.000000,0.000000,0.000,0.000,AP
2021-07-19 03:00:08,1900-01-00 00:00:00,Meidan Millioni,E8:CC:18:A8:69:2A,-41, WPA2 ,0.000000,0.000000,0.000,0.000,AP
2021-07-19 03:00:08,1900-01-00 00:00:00,Meidan Millioni,E8:CC:18:A8:69:2A,-41, WPA2 ,0.000000,0.000000,0.000,0.000,AP
2021-07-19 03:00:08,1900-01-00 00:00:00,Meidan Millioni,E8:CC:18:A8:69:2A,-39, WPA2 ,0.000000,0.000000,0.000,0.000,AP
2021-07-19 03:00:08,1900-01-00 00:00:00,Meidan Millioni,E8:CC:18:A8:69:2A,-43, WPA2 ,0.000000,0.000000,0.000,0.000,AP
2021-07-19 03:00:09,1900-01-00 00:00:00,Meidan Millioni,E8:CC:18:A8:69:2A,-39, WPA2 ,0.000000,0.000000,0.000,0.000,AP
2021-07-19 03:00:09,1900-01-00 00:00:00,Meidan Millioni,E8:CC:18:A8:69:2A,-41, WPA2 ,0.000000,0.000000,0.000,0.000,AP
2021-07-19 03:00:09,1900-01-00 00:00:00,Meidan Millioni,E8:CC:18:A8:69:2A,-41, WPA2 ,0.000000,0.000000,0.000,0.000,AP
2021-07-19 03:00:09,1900-01-00 00:00:00,Meidan Millioni,E8:CC:18:A8:69:2A,-41, WPA2 ,0.000000,0.000000,0.000,0.000,AP
2021-07-19 03:00:09,1900-01-00 00:00:00,Meidan Millioni,E8:CC:18:A8:69:2A,-41, WPA2 ,0.000000,0.000000,0.000,0.000,AP
2021-07-19 03:00:09,1900-01-00 00:00:00,Meidan Millioni,E8:CC:18:A8:69:2A,-41, WPA2 ,0.000000,0.000000,0.000,0.000,AP
2021-07-19 03:00:09,1900-01-00 00:00:00,Meidan Millioni,E8:CC:18:A8:69:2A,-41, WPA2 ,0.000000,0.000000,0.000,0.000,AP
2021-07-19 03:00:09,1900-01-00 00:00:00,Meidan Millioni,E8:CC:18:A8:69:2A,-41, WPA2 ,0.000000,0.000000,0.000,0.000,AP
2021-07-19 03:00:09,1900-01-00 00:00:00,Meidan Millioni,E8:CC:18:A8:69:2A,-41, WPA2 ,0.000000,0.000000,0.000,0.000,AP
2021-07-19 03:00:09,1900-01-00 00:00:00,Meidan Millioni,E8:CC:18:A8:69:2A,-41, WPA2 ,0.000000,0.000000,0.000,0.000,AP
2021-07-19 03:00:10,1900-01-00 00:00:00,Meidan Millioni,E8:CC:18:A8:69:2A,-39, WPA2 ,0.000000,0.000000,0.000,0.000,AP
2021-07-19 03:00:10,1900-01-00 00:00:00,Meidan Millioni,E8:CC:18:A8:69:2A,-41, WPA2 ,0.000000,0.000000,0.000,0.000,AP
2021-07-19 03:00:10,1900-01-00 00:00:00,Meidan Millioni,E8:CC:18:A8:69:2A,-41, WPA2 ,0.000000,0.000000,0.000,0.000,AP
2021-07-19 03:00:10,1900-01-00 00:00:00,Meidan Millioni,E8:CC:18:A8:69:2A,-39, WPA2 ,0.000000,0.000000,0.000,0.000,AP
2021-07-19 03:00:10,1900-01-00 00:00:00,Meidan Millioni,E8:CC:18:A8:69:2A,-41, WPA2 ,0.000000,0.000000,0.000,0.000,AP
2021-07-19 03:00:10,1900-01-00 00:00:00,Meidan Millioni,E8:CC:18:A8:69:2A,-41, WPA2 ,0.000000,0.000000,0.000,0.000,AP
2021-07-19 03:00:10,1900-01-00 00:00:00,Meidan Millioni,E8:CC:18:A8:69:2A,-41, WPA2 ,0.000000,0.000000,0.000,0.000,AP
2021-07-19 03:00:10,1900-01-00 00:00:00,Meidan Millioni,E8:CC:18:A8:69:2A,-41, WPA2 ,0.000000,0.000000,0.000,0.000,AP
2021-07-19 03:00:10,1900-01-00 00:00:00,Meidan Millioni,E8:CC:18:A8:69:2A,-41, WPA2 ,0.000000,0.000000,0.000,0.000,AP
2021-07-19 03:00:10,1900-01-00 00:00:00,Meidan Millioni,E8:CC:18:A8:69:2A,-41, WPA2 ,0.000000,0.000000,0.000,0.000,AP
2021-07-19 03:00:11,1900-01-00 00:00:00,Meidan Millioni,E8:CC:18:A8:69:2A,-43, WPA2 ,0.000000,0.000000,0.000,0.000,AP
2021-07-19 03:00:11,1900-01-00 00:00:00,Meidan Millioni,E8:CC:18:A8:69:2A,-43, WPA2 ,0.000000,0.000000,0.000,0.000,AP
2021-07-19 03:00:11,1900-01-00 00:00:00,Meidan Millioni,E8:CC:18:A8:69:2A,-41, WPA2 ,0.000000,0.000000,0.000,0.000,AP
2021-07-19 03:00:11,1900-01-00 00:00:00,Meidan Millioni,E8:CC:18:A8:69:2A,-41, WPA2 ,0.000000,0.000000,0.000,0.000,AP
2021-07-19 03:00:11,1900-01-00 00:00:00,Meidan Millioni,E8:CC:18:A8:69:2A,-43, WPA2 ,0.000000,0.000000,0.000,0.000,AP
2021-07-19 03:00:11,1900-01-00 00:00:00,Meidan Millioni,E8:CC:18:A8:69:2A,-41, WPA2 ,0.000000,0.000000,0.000,0.000,AP
2021-07-19 03:00:11,1900-01-00 00:00:00,Meidan Millioni,E8:CC:18:A8:69:2A,-41, WPA2 ,0.000000,0.000000,0.000,0.000,AP
2021-07-19 03:00:11,1900-01-00 00:00:00,Meidan Millioni,E8:CC:18:A8:69:2A,-41, WPA2 ,0.000000,0.000000,0.000,0.000,AP
2021-07-19 03:00:12,1900-01-00 00:00:00,Meidan Millioni,E8:CC:18:A8:69:2A,-41, WPA2 ,0.000000,0.000000,0.000,0.000,AP
2021-07-19 03:00:12,1900-01-00 00:00:00,Meidan Millioni,E8:CC:18:A8:69:2A,-41, WPA2 ,0.000000,0.000000,0.000,0.000,AP
2021-07-19 03:00:12,1900-01-00 00:00:00,Meidan Millioni,E8:CC:18:A8:69:2A,-41, WPA2 ,0.000000,0.000000,0.000,0.000,AP
2021-07-19 03:00:12,1900-01-00 00:00:00,Meidan Millioni,E8:CC:18:A8:69:2A,-41, WPA2 ,0.000000,0.000000,0.000,0.000,AP
2021-07-19 03:00:12,1900-01-00 00:00:00,Meidan Millioni,E8:CC:18:A8:69:2A,-41, WPA2 ,0.000000,0.000000,0.000,0.000,AP
2021-07-19 03:00:12,1900-01-00 00:00:00,Meidan Millioni,E8:CC:18:A8:69:2A,-41, WPA2 ,0.000000,0.000000,0.000,0.000,AP
2021-07-19 03:00:12,1900-01-00 00:00:00,Meidan Millioni,E8:CC:18:A8:69:2A,-41, WPA2 ,0.000000,0.000000,0.000,0.000,AP
2021-07-19 03:00:12,1900-01-00 00:00:00,Meidan Millioni,E8:CC:18:A8:69:2A,-41, WPA2 ,0.000000,0.000000,0.000,0.000,AP
2021-07-19 03:00:12,1900-01-00 00:00:00,Meidan Millioni,E8:CC:18:A8:69:2A,-41, WPA2 ,0.000000,0.000000,0.000,0.000,AP
2021-07-19 03:00:12,1900-01-00 00:00:00,Meidan Millioni,E8:CC:18:A8:69:2A,-41, WPA2 ,0.000000,0.000000,0.000,0.000,AP
2021-07-19 03:00:13,1900-01-00 00:00:00,Meidan Millioni,E8:CC:18:A8:69:2A,-43, WPA2 ,0.000000,0.000000,0.000,0.000,AP
2021-07-19 03:00:13,1900-01-00 00:00:00,Meidan Millioni,E8:CC:18:A8:69:2A,-41, WPA2 ,0.000000,0.000000,0.000,0.000,AP
2021-07-19 03:00:13,1900-01-00 00:00:00,Meidan Millioni,E8:CC:18:A8:69:2A,-43, WPA2 ,0.000000,0.000000,0.000,0.000,AP
2021-07-19 03:00:13,1900-01-00 00:00:00,Meidan Millioni,E8:CC:18:A8:69:2A,-41, WPA2 ,0.000000,0.000000,0.000,0.000,AP
2021-07-19 03:00:13,1900-01-00 00:00:00,Meidan Millioni,E8:CC:18:A8:69:2A,-41, WPA2 ,0.000000,0.000000,0.000,0.000,AP
2021-07-19 03:00:13,1900-01-00 00:00:00,Meidan Millioni,E8:CC:18:A8:69:2A,-39, WPA2 ,0.000000,0.000000,0.000,0.000,AP
2021-07-19 03:00:13,1900-01-00 00:00:00,Meidan Millioni,E8:CC:18:A8:69:2A,-41, WPA2 ,0.000000,0.000000,0.000,0.000,AP
2021-07-19 03:00:14,1900-01-00 00:00:00,Meidan Millioni,E8:CC:18:A8:69:2A,-41, WPA2 ,0.000000,0.000000,0.000,0.000,AP
2021-07-19 03:00:14,1900-01-00 00:00:00,Meidan Millioni,E8:CC:18:A8:69:2A,-41, WPA2 ,0.000000,0.000000,0.000,0.000,AP
2021-07-19 03:00:14,1900-01-00 00:00:00,Meidan Millioni,E8:CC:18:A8:69:2A,-39, WPA2 ,0.000000,0.000000,0.000,0.000,AP
2021-07-19 03:00:14,1900-01-00 00:00:00,Meidan Millioni,E8:CC:18:A8:69:2A,-41, WPA2 ,0.000000,0.000000,0.000,0.000,AP
2021-07-19 03:00:14,1900-01-00 00:00:00,Meidan Millioni,E8:CC:18:A8:69:2A,-39, WPA2 ,0.000000,0.000000,0.000,0.000,AP
2021-07-19 03:00:14,1900-01-00 00:00:00,Meidan Millioni,E8:CC:18:A8:69:2A,-41, WPA2 ,0.000000,0.000000,0.000,0.000,AP
2021-07-19 03:00:14,1900-01-00 00:00:00,Meidan Millioni,E8:CC:18:A8:69:2A,-41, WPA2 ,0.000000,0.000000,0.000,0.000,AP
2021-07-19 03:00:14,1900-01-00 00:00:00,Meidan Millioni,E8:CC:18:A8:69:2A,-39, WPA2 ,0.000000,0.000000,0.000,0.000,AP
2021-07-19 03:00:15,1900-01-00 00:00:00,Meidan Millioni,E8:CC:18:A8:69:2A,-41, WPA2 ,0.000000,0.000000,0.000,0.000,AP
2021-07-19 03:00:15,1900-01-00 00:00:00,Meidan Millioni,E8:CC:18:A8:69:2A,-39, WPA2 ,0.000000,0.000000,0.000,0.000,AP
2021-07-19 03:00:15,1900-01-00 00:00:00,Meidan Millioni,E8:CC:18:A8:69:2A,-41, WPA2 ,0.000000,0.000000,0.000,0.000,AP
2021-07-19 03:00:15,1900-01-00 00:00:00,Meidan Millioni,E8:CC:18:A8:69:2A,-41, WPA2 ,0.000000,0.000000,0.000,0.000,AP
2021-07-19 03:00:15,1900-01-00 00:00:00,Meidan Millioni,E8:CC:18:A8:69:2A,-41, WPA2 ,0.000000,0.000000,0.000,0.000,AP
2021-07-19 03:00:15,1900-01-00 00:00:00,Meidan Millioni,E8:CC:18:A8:69:2A,-41, WPA2 ,0.000000,0.000000,0.000,0.000,AP
2021-07-19 03:00:15,1900-01-00 00:00:00,Meidan Millioni,E8:CC:18:A8:69:2A,-43, WPA2 ,0.000000,0.000000,0.000,0.000,AP
2021-07-19 03:00:16,1900-01-00 00:00:00,Meidan Millioni,E8:CC:18:A8:69:2A,-41, WPA2 ,0.000000,0.000000,0.000,0.000,AP
2021-07-19 03:00:16,1900-01-00 00:00:00,Meidan Millioni,E8:CC:18:A8:69:2A,-41, WPA2 ,0.000000,0.000000,0.000,0.000,AP
2021-07-19 03:00:16,1900-01-00 00:00:00,Meidan Millioni,E8:CC:18:A8:69:2A,-41, WPA2 ,0.000000,0.000000,0.000,0.000,AP
2021-07-19 03:00:16,1900-01-00 00:00:00,Meidan Millioni,E8:CC:18:A8:69:2A,-41, WPA2 ,0.000000,0.000000,0.000,0.000,AP
2021-07-19 03:00:16,1900-01-00 00:00:00,Meidan Millioni,E8:CC:18:A8:69:2A,-41, WPA2 ,0.000000,0.000000,0.000,0.000,AP
2021-07-19 03:00:16,1900-01-00 00:00:00,Meidan Millioni,E8:CC:18:A8:69:2A,-43, WPA2 ,0.000000,0.000000,0.000,0.000,AP
2021-07-19 03:00:16,1900-01-00 00:00:00,Meidan Millioni,E8:CC:18:A8:69:2A,-41, WPA2 ,0.000000,0.000000,0.000,0.000,AP
2021-07-19 03:00:16,1900-01-00 00:00:00,Meidan Millioni,E8:CC:18:A8:69:2A,-41, WPA2 ,0.000000,0.000000,0.000,0.000,AP
2021-07-19 03:00:17,1900-01-00 00:00:00,Meidan Millioni,E8:CC:18:A8:69:2A,-41, WPA2 ,0.000000,0.000000,0.000,0.000,AP
2021-07-19 03:00:17,1900-01-00 00:00:00,Meidan Millioni,E8:CC:18:A8:69:2A,-41, WPA2 ,0.000000,0.000000,0.000,0.000,AP
2021-07-19 03:00:17,1900-01-00 00:00:00,Meidan Millioni,E8:CC:18:A8:69:2A,-41, WPA2 ,0.000000,0.000000,0.000,0.000,AP
2021-07-19 03:00:17,1900-01-00 00:00:00,Meidan Millioni,E8:CC:18:A8:69:2A,-41, WPA2 ,0.000000,0.000000,0.000,0.000,AP
2021-07-19 03:00:17,1900-01-00 00:00:00,Meidan Millioni,E8:CC:18:A8:69:2A,-41, WPA2 ,0.000000,0.000000,0.000,0.000,AP
2021-07-19 03:00:17,1900-01-00 00:00:00,Meidan Millioni,E8:CC:18:A8:69:2A,-41, WPA2 ,0.000000,0.000000,0.000,0.000,AP
2021-07-19 03:00:17,1900-01-00 00:00:00,Meidan Millioni,E8:CC:18:A8:69:2A,-41, WPA2 ,0.000000,0.000000,0.000,0.000,AP
2021-07-19 03:00:17,1900-01-00 00:00:00,Meidan Millioni,E8:CC:18:A8:69:2A,-41, WPA2 ,0.000000,0.000000,0.000,0.000,AP
2021-07-19 03:00:18,1900-01-00 00:00:00,Meidan Millioni,E8:CC:18:A8:69:2A,-41, WPA2 ,0.000000,0.000000,0.000,0.000,AP
2021-07-19 03:00:18,1900-01-00 00:00:00,Meidan Millioni,E8:CC:18:A8:69:2A,-43, WPA2 ,0.000000,0.000000,0.000,0.000,AP
2021-07-19 03:00:18,1900-01-00 00:00:00,Meidan Millioni,E8:CC:18:A8:69:2A,-41, WPA2 ,0.000000,0.000000,0.000,0.000,AP
2021-07-19 03:00:18,1900-01-00 00:00:00,Meidan Millioni,E8:CC:18:A8:69:2A,-41, WPA2 ,0.000000,0.000000,0.000,0.000,AP
2021-07-19 03:00:18,1900-01-00 00:00:00,Meidan Millioni,E8:CC:18:A8:69:2A,-43, WPA2 ,0.000000,0.000000,0.000,0.000,AP
2021-07-19 03:00:18,1900-01-00 00:00:00,Meidan Millioni,E8:CC:18:A8:69:2A,-43, WPA2 ,0.000000,0.000000,0.000,0.000,AP
2021-07-19 03:00:18,1900-01-00 00:00:00,Meidan Millioni,E8:CC:18:A8:69:2A,-41, WPA2 ,0.000000,0.000000,0.000,0.000,AP
2021-07-19 03:00:18,1900-01-00 00:00:00,Meidan Millioni,E8:CC:18:A8:69:2A,-41, WPA2 ,0.000000,0.000000,0.000,0.000,AP
2021-07-19 03:00:18,1900-01-00 00:00:00,Meidan Millioni,E8:CC:18:A8:69:2A,-41, WPA2 ,0.000000,0.000000,0.000,0.000,AP
2021-07-19 03:00:19,1900-01-00 00:00:00,Meidan Millioni,E8:CC:18:A8:69:2A,-45, WPA2 ,0.000000,0.000000,0.000,0.000,AP
2021-07-19 03:00:19,1900-01-00 00:00:00,Meidan Millioni,E8:CC:18:A8:69:2A,-43, WPA2 ,0.000000,0.000000,0.000,0.000,AP
2021-07-19 03:00:19,1900-01-00 00:00:00,Meidan Millioni,E8:CC:18:A8:69:2A,-41, WPA2 ,0.000000,0.000000,0.000,0.000,AP
2021-07-19 03:00:19,1900-01-00 00:00:00,Meidan Millioni,E8:CC:18:A8:69:2A,-43, WPA2 ,0.000000,0.000000,0.000,0.000,AP
2021-07-19 03:00:19,1900-01-00 00:00:00,Meidan Millioni,E8:CC:18:A8:69:2A,-39, WPA2 ,0.000000,0.000000,0.000,0.000,AP
2021-07-19 03:00:19,1900-01-00 00:00:00,Meidan Millioni,E8:CC:18:A8:69:2A,-41, WPA2 ,0.000000,0.000000,0.000,0.000,AP
2021-07-19 03:00:19,1900-01-00 00:00:00,Meidan Millioni,E8:CC:18:A8:69:2A,-45, WPA2 ,0.000000,0.000000,0.000,0.000,AP
2021-07-19 03:00:19,1900-01-00 00:00:00,Meidan Millioni,E8:CC:18:A8:69:2A,-43, WPA2 ,0.000000,0.000000,0.000,0.000,AP
2021-07-19 03:00:19,1900-01-00 00:00:00,Meidan Millioni,E8:CC:18:A8:69:2A,-43, WPA2 ,0.000000,0.000000,0.000,0.000,AP
2021-07-19 03:00:20,1900-01-00 00:00:00,Meidan Millioni,E8:CC:18:A8:69:2A,-43, WPA2 ,0.000000,0.000000,0.000,0.000,AP
2021-07-19 03:00:20,1900-01-00 00:00:00,Meidan Millioni,E8:CC:18:A8:69:2A,-43, WPA2 ,0.000000,0.000000,0.000,0.000,AP
2021-07-19 03:00:20,1900-01-00 00:00:00,Meidan Millioni,E8:CC:18:A8:69:2A,-41, WPA2 ,0.000000,0.000000,0.000,0.000,AP
2021-07-19 03:00:20,1900-01-00 00:00:00,Meidan Millioni,E8:CC:18:A8:69:2A,-43, WPA2 ,0.000000,0.000000,0.000,0.000,AP
2021-07-19 03:00:20,1900-01-00 00:00:00,Meidan Millioni,E8:CC:18:A8:69:2A,-41, WPA2 ,0.000000,0.000000,0.000,0.000,AP
2021-07-19 03:00:20,1900-01-00 00:00:00,Meidan Millioni,E8:CC:18:A8:69:2A,-41, WPA2 ,0.000000,0.000000,0.000,0.000,AP
2021-07-19 03:00:20,1900-01-00 00:00:00,Meidan Millioni,E8:CC:18:A8:69:2A,-39, WPA2 ,0.000000,0.000000,0.000,0.000,AP
2021-07-19 03:00:20,1900-01-00 00:00:00,Meidan Millioni,E8:CC:18:A8:69:2A,-41, WPA2 ,0.000000,0.000000,0.000,0.000,AP
2021-07-19 03:00:20,1900-01-00 00:00:00,Meidan Millioni,E8:CC:18:A8:69:2A,-43, WPA2 ,0.000000,0.000000,0.000,0.000,AP
2021-07-19 03:00:21,1900-01-00 00:00:00,Meidan Millioni,E8:CC:18:A8:69:2A,-41, WPA2 ,0.000000,0.000000,0.000,0.000,AP
2021-07-19 03:00:21,1900-01-00 00:00:00,Meidan Millioni,E8:CC:18:A8:69:2A,-43, WPA2 ,0.000000,0.000000,0.000,0.000,AP
2021-07-19 03:00:21,1900-01-00 00:00:00,Meidan Millioni,E8:CC:18:A8:69:2A,-43, WPA2 ,0.000000,0.000000,0.000,0.000,AP
2021-07-19 03:00:21,1900-01-00 00:00:00,Meidan Millioni,E8:CC:18:A8:69:2A,-43, WPA2 ,0.000000,0.000000,0.000,0.000,AP
2021-07-19 03:00:21,1900-01-00 00:00:00,Meidan Millioni,E8:CC:18:A8:69:2A,-43, WPA2 ,0.000000,0.000000,0.000,0.000,AP
2021-07-19 03:00:21,1900-01-00 00:00:00,Meidan Millioni,E8:CC:18:A8:69:2A,-43, WPA2 ,0.000000,0.000000,0.000,0.000,AP
2021-07-19 03:00:21,1900-01-00 00:00:00,Meidan Millioni,E8:CC:18:A8:69:2A,-43, WPA2 ,0.000000,0.000000,0.000,0.000,AP
2021-07-19 03:00:21,1900-01-00 00:00:00,Meidan Millioni,E8:CC:18:A8:69:2A,-41, WPA2 ,0.000000,0.000000,0.000,0.000,AP
2021-07-19 03:00:22,1900-01-00 00:00:00,Meidan Millioni,E8:CC:18:A8:69:2A,-41, WPA2 ,0.000000,0.000000,0.000,0.000,AP
2021-07-19 03:00:22,1900-01-00 00:00:00,Meidan Millioni,E8:CC:18:A8:69:2A,-41, WPA2 ,0.000000,0.000000,0.000,0.000,AP
2021-07-19 03:00:22,1900-01-00 00:00:00,Meidan Millioni,E8:CC:18:A8:69:2A,-41, WPA2 ,0.000000,0.000000,0.000,0.000,AP
2021-07-19 03:00:22,1900-01-00 00:00:00,Meidan Millioni,E8:CC:18:A8:69:2A,-39, WPA2 ,0.000000,0.000000,0.000,0.000,AP
2021-07-19 03:00:22,1900-01-00 00:00:00,Meidan Millioni,E8:CC:18:A8:69:2A,-41, WPA2 ,0.000000,0.000000,0.000,0.000,AP
2021-07-19 03:00:22,1900-01-00 00:00:00,Meidan Millioni,E8:CC:18:A8:69:2A,-41, WPA2 ,0.000000,0.000000,0.000,0.000,AP
2021-07-19 03:00:22,1900-01-00 00:00:00,Meidan Millioni,E8:CC:18:A8:69:2A,-39, WPA2 ,0.000000,0.000000,0.000,0.000,AP
2021-07-19 03:00:22,1900-01-00 00:00:00,Meidan Millioni,E8:CC:18:A8:69:2A,-41, WPA2 ,0.000000,0.000000,0.000,0.000,AP
2021-07-19 03:00:22,1900-01-00 00:00:00,Meidan Millioni,E8:CC:18:A8:69:2A,-41, WPA2 ,0.000000,0.000000,0.000,0.000,AP
2021-07-19 03:00:23,1900-01-00 00:00:00,Meidan Millioni,E8:CC:18:A8:69:2A,-41, WPA2 ,0.000000,0.000000,0.000,0.000,AP
2021-07-19 03:00:23,1900-01-00 00:00:00,Meidan Millioni,E8:CC:18:A8:69:2A,-39, WPA2 ,0.000000,0.000000,0.000,0.000,AP
2021-07-19 03:00:23,1900-01-00 00:00:00,Meidan Millioni,E8:CC:18:A8:69:2A,-41, WPA2 ,0.000000,0.000000,0.000,0.000,AP
2021-07-19 03:00:23,1900-01-00 00:00:00,Meidan Millioni,E8:CC:18:A8:69:2A,-41, WPA2 ,0.000000,0.000000,0.000,0.000,AP
2021-07-19 03:00:23,1900-01-00 00:00:00,Meidan Millioni,E8:CC:18:A8:69:2A,-41, WPA2 ,0.000000,0.000000,0.000,0.000,AP
2021-07-19 03:00:23,1900-01-00 00:00:00,Meidan Millioni,E8:CC:18:A8:69:2A,-41, WPA2 ,0.000000,0.000000,0.000,0.000,AP
2021-07-19 03:00:24,1900-01-00 00:00:00,Meidan Millioni,E8:CC:18:A8:69:2A,-43, WPA2 ,0.000000,0.000000,0.000,0.000,AP
2021-07-19 03:00:24,1900-01-00 00:00:00,Meidan Millioni,E8:CC:18:A8:69:2A,-41, WPA2 ,0.000000,0.000000,0.000,0.000,AP
2021-07-19 03:00:24,1900-01-00 00:00:00,Meidan Millioni,E8:CC:18:A8:69:2A,-41, WPA2 ,0.000000,0.000000,0.000,0.000,AP
2021-07-19 03:00:24,1900-01-00 00:00:00,Meidan Millioni,E8:CC:18:A8:69:2A,-39, WPA2 ,0.000000,0.000000,0.000,0.000,AP
2021-07-19 03:00:24,1900-01-00 00:00:00,Meidan Millioni,E8:CC:18:A8:69:2A,-41, WPA2 ,0.000000,0.000000,0.000,0.000,AP
2021-07-19 03:00:24,1900-01-00 00:00:00,Meidan Millioni,E8:CC:18:A8:69:2A,-41, WPA2 ,0.000000,0.000000,0.000,0.000,AP
2021-07-19 03:00:24,1900-01-00 00:00:00,Meidan Millioni,E8:CC:18:A8:69:2A,-39, WPA2 ,0.000000,0.000000,0.000,0.000,AP
2021-07-19 03:00:25,1900-01-00 00:00:00,Meidan Millioni,E8:CC:18:A8:69:2A,-41, WPA2 ,0.000000,0.000000,0.000,0.000,AP
2021-07-19 03:00:25,1900-01-00 00:00:00,Meidan Millioni,E8:CC:18:A8:69:2A,-41, WPA2 ,0.000000,0.000000,0.000,0.000,AP
2021-07-19 03:00:25,1900-01-00 00:00:00,Meidan Millioni,E8:CC:18:A8:69:2A,-43, WPA2 ,0.000000,0.000000,0.000,0.000,AP
2021-07-19 03:00:25,1900-01-00 00:00:00,Meidan Millioni,E8:CC:18:A8:69:2A,-41, WPA2 ,0.000000,0.000000,0.000,0.000,AP
2021-07-19 03:00:25,1900-01-00 00:00:00,Meidan Millioni,E8:CC:18:A8:69:2A,-41, WPA2 ,0.000000,0.000000,0.000,0.000,AP
2021-07-19 03:00:25,1900-01-00 00:00:00,Meidan Millioni,E8:CC:18:A8:69:2A,-41, WPA2 ,0.000000,0.000000,0.000,0.000,AP
2021-07-19 03:00:25,1900-01-00 00:00:00,Meidan Millioni,E8:CC:18:A8:69:2A,-43, WPA2 ,0.000000,0.000000,0.000,0.000,AP
2021-07-19 03:00:25,1900-01-00 00:00:00,Meidan Millioni,E8:CC:18:A8:69:2A,-41, WPA2 ,0.000000,0.000000,0.000,0.000,AP
2021-07-19 03:00:25,1900-01-00 00:00:00,Meidan Millioni,E8:CC:18:A8:69:2A,-41, WPA2 ,0.000000,0.000000,0.000,0.000,AP
2021-07-19 03:00:25,1900-01-00 00:00:00,Meidan Millioni,E8:CC:18:A8:69:2A,-41, WPA2 ,0.000000,0.000000,0.000,0.000,AP
2021-07-19 03:00:26,1900-01-00 00:00:00,Meidan Millioni,E8:CC:18:A8:69:2A,-41, WPA2 ,0.000000,0.000000,0.000,0.000,AP
2021-07-19 03:00:26,1900-01-00 00:00:00,Meidan Millioni,E8:CC:18:A8:69:2A,-41, WPA2 ,0.000000,0.000000,0.000,0.000,AP
2021-07-19 03:00:26,1900-01-00 00:00:00,Meidan Millioni,E8:CC:18:A8:69:2A,-41, WPA2 ,0.000000,0.000000,0.000,0.000,AP
2021-07-19 03:00:26,1900-01-00 00:00:00,Meidan Millioni,E8:CC:18:A8:69:2A,-41, WPA2 ,0.000000,0.000000,0.000,0.000,AP
2021-07-19 03:00:26,1900-01-00 00:00:00,Meidan Millioni,E8:CC:18:A8:69:2A,-41, WPA2 ,0.000000,0.000000,0.000,0.000,AP
2021-07-19 03:00:26,1900-01-00 00:00:00,Meidan Millioni,E8:CC:18:A8:69:2A,-43, WPA2 ,0.000000,0.000000,0.000,0.000,AP
2021-07-19 03:00:26,1900-01-00 00:00:00,Meidan Millioni,E8:CC:18:A8:69:2A,-43, WPA2 ,0.000000,0.000000,0.000,0.000,AP
2021-07-19 03:00:26,1900-01-00 00:00:00,Meidan Millioni,E8:CC:18:A8:69:2A,-43, WPA2 ,0.000000,0.000000,0.000,0.000,AP
2021-07-19 03:00:26,1900-01-00 00:00:00,Meidan Millioni,E8:CC:18:A8:69:2A,-43, WPA2 ,0.000000,0.000000,0.000,0.000,AP
2021-07-19 03:00:27,1900-01-00 00:00:00,Meidan Millioni,E8:CC:18:A8:69:2A,-41, WPA2 ,0.000000,0.000000,0.000,0.000,AP
2021-07-19 03:00:27,1900-01-00 00:00:00,Meidan Millioni,E8:CC:18:A8:69:2A,-41, WPA2 ,0.000000,0.000000,0.000,0.000,AP
2021-07-19 03:00:27,1900-01-00 00:00:00,Meidan Millioni,E8:CC:18:A8:69:2A,-43, WPA2 ,0.000000,0.000000,0.000,0.000,AP
2021-07-19 03:00:27,1900-01-00 00:00:00,Meidan Millioni,E8:CC:18:A8:69:2A,-39, WPA2 ,0.000000,0.000000,0.000,0.000,AP
2021-07-19 03:00:27,1900-01-00 00:00:00,Meidan Millioni,E8:CC:18:A8:69:2A,-41, WPA2 ,0.000000,0.000000,0.000,0.000,AP
2021-07-19 03:00:27,1900-01-00 00:00:00,Meidan Millioni,E8:CC:18:A8:69:2A,-41, WPA2 ,0.000000,0.000000,0.000,0.000,AP
2021-07-19 03:00:27,1900-01-00 00:00:00,Meidan Millioni,E8:CC:18:A8:69:2A,-41, WPA2 ,0.000000,0.000000,0.000,0.000,AP
2021-07-19 03:00:28,1900-01-00 00:00:00,Meidan Millioni,E8:CC:18:A8:69:2A,-41, WPA2 ,0.000000,0.000000,0.000,0.000,AP
2021-07-19 03:00:28,1900-01-00 00:00:00,Meidan Millioni,E8:CC:18:A8:69:2A,-41, WPA2 ,0.000000,0.000000,0.000,0.000,AP
2021-07-19 03:00:28,1900-01-00 00:00:00,Meidan Millioni,E8:CC:18:A8:69:2A,-41, WPA2 ,0.000000,0.000000,0.000,0.000,AP
2021-07-19 03:00:28,1900-01-00 00:00:00,Meidan Millioni,E8:CC:18:A8:69:2A,-41, WPA2 ,0.000000,0.000000,0.000,0.000,AP
2021-07-19 03:00:28,1900-01-00 00:00:00,Meidan Millioni,E8:CC:18:A8:69:2A,-43, WPA2 ,0.000000,0.000000,0.000,0.000,AP
2021-07-19 03:00:28,1900-01-00 00:00:00,Meidan Millioni,E8:CC:18:A8:69:2A,-41, WPA2 ,0.000000,0.000000,0.000,0.000,AP
2021-07-19 03:00:28,1900-01-00 00:00:00,Meidan Millioni,E8:CC:18:A8:69:2A,-43, WPA2 ,0.000000,0.000000,0.000,0.000,AP
2021-07-19 03:00:28,1900-01-00 00:00:00,Meidan Millioni,E8:CC:18:A8:69:2A,-41, WPA2 ,0.000000,0.000000,0.000,0.000,AP
2021-07-19 03:00:29,1900-01-00 00:00:00,Meidan Millioni,E8:CC:18:A8:69:2A,-39, WPA2 ,0.000000,0.000000,0.000,0.000,AP
2021-07-19 03:00:29,1900-01-00 00:00:00,Meidan Millioni,E8:CC:18:A8:69:2A,-41, WPA2 ,0.000000,0.000000,0.000,0.000,AP
2021-07-19 03:00:29,1900-01-00 00:00:00,Meidan Millioni,E8:CC:18:A8:69:2A,-41, WPA2 ,0.000000,0.000000,0.000,0.000,AP
2021-07-19 03:00:29,1900-01-00 00:00:00,Meidan Millioni,E8:CC:18:A8:69:2A,-39, WPA2 ,0.000000,0.000000,0.000,0.000,AP
2021-07-19 03:00:29,1900-01-00 00:00:00,Meidan Millioni,E8:CC:18:A8:69:2A,-41, WPA2 ,0.000000,0.000000,0.000,0.000,AP
2021-07-19 03:00:29,1900-01-00 00:00:00,Meidan Millioni,E8:CC:18:A8:69:2A,-41, WPA2 ,0.000000,0.000000,0.000,0.000,AP
2021-07-19 03:00:29,1900-01-00 00:00:00,Meidan Millioni,E8:CC:18:A8:69:2A,-41, WPA2 ,0.000000,0.000000,0.000,0.000,AP
2021-07-19 03:00:29,1900-01-00 00:00:00,Meidan Millioni,E8:CC:18:A8:69:2A,-41, WPA2 ,0.000000,0.000000,0.000,0.000,AP
2021-07-19 03:00:30,1900-01-00 00:00:00,Meidan Millioni,E8:CC:18:A8:69:2A,-41, WPA2 ,0.000000,0.000000,0.000,0.000,AP
2021-07-19 03:00:30,1900-01-00 00:00:00,Meidan Millioni,E8:CC:18:A8:69:2A,-39, WPA2 ,0.000000,0.000000,0.000,0.000,AP
2021-07-19 03:00:30,1900-01-00 00:00:00,Meidan Millioni,E8:CC:18:A8:69:2A,-41, WPA2 ,0.000000,0.000000,0.000,0.000,AP
2021-07-19 03:00:30,1900-01-00 00:00:00,Meidan Millioni,E8:CC:18:A8:69:2A,-41, WPA2 ,0.000000,0.000000,0.000,0.000,AP
2021-07-19 03:00:30,1900-01-00 00:00:00,Meidan Millioni,E8:CC:18:A8:69:2A,-41, WPA2 ,0.000000,0.000000,0.000,0.000,AP
2021-07-19 03:00:30,1900-01-00 00:00:00,Meidan Millioni,E8:CC:18:A8:69:2A,-39, WPA2 ,0.000000,0.000000,0.000,0.000,AP
2021-07-19 03:00:30,1900-01-00 00:00:00,Meidan Millioni,E8:CC:18:A8:69:2A,-41, WPA2 ,0.000000,0.000000,0.000,0.000,AP
2021-07-19 03:00:30,1900-01-00 00:00:00,Meidan Millioni,E8:CC:18:A8:69:2A,-41, WPA2 ,0.000000,0.000000,0.000,0.000,AP
2021-07-19 03:00:30,1900-01-00 00:00:00,Meidan Millioni,E8:CC:18:A8:69:2A,-39, WPA2 ,0.000000,0.000000,0.000,0.000,AP
2021-07-19 03:00:30,1900-01-00 00:00:00,Meidan Millioni,E8:CC:18:A8:69:2A,-81, WPA2 ,0.000000,0.000000,0.000,0.000,AP
2021-07-19 03:00:31,1900-01-00 00:00:00,Meidan Millioni,E8:CC:18:A8:69:2A,-41, WPA2 ,0.000000,0.000000,0.000,0.000,AP
2021-07-19 03:00:31,1900-01-00 00:00:00,Meidan Millioni,E8:CC:18:A8:69:2A,-41, WPA2 ,0.000000,0.000000,0.000,0.000,AP
2021-07-19 03:00:31,1900-01-00 00:00:00,Meidan Millioni,E8:CC:18:A8:69:2A,-41, WPA2 ,0.000000,0.000000,0.000,0.000,AP
2021-07-19 03:00:31,1900-01-00 00:00:00,Meidan Millioni,E8:CC:18:A8:69:2A,-41, WPA2 ,0.000000,0.000000,0.000,0.000,AP
2021-07-19 03:00:31,1900-01-00 00:00:00,Meidan Millioni,E8:CC:18:A8:69:2A,-41, WPA2 ,0.000000,0.000000,0.000,0.000,AP
2021-07-19 03:00:31,1900-01-00 00:00:00,Meidan Millioni,E8:CC:18:A8:69:2A,-41, WPA2 ,0.000000,0.000000,0.000,0.000,AP
2021-07-19 03:00:31,1900-01-00 00:00:00,Meidan Millioni,E8:CC:18:A8:69:2A,-41, WPA2 ,0.000000,0.000000,0.000,0.000,AP
2021-07-19 03:00:31,1900-01-00 00:00:00,Meidan Millioni,E8:CC:18:A8:69:2A,-41, WPA2 ,0.000000,0.000000,0.000,0.000,AP
2021-07-19 03:00:31,1900-01-00 00:00:00,Meidan Millioni,E8:CC:18:A8:69:2A,-41, WPA2 ,0.000000,0.000000,0.000,0.000,AP
2021-07-19 03:00:32,1900-01-00 00:00:00,Meidan Millioni,E8:CC:18:A8:69:2A,-41, WPA2 ,0.000000,0.000000,0.000,0.000,AP
2021-07-19 03:00:32,1900-01-00 00:00:00,Meidan Millioni,E8:CC:18:A8:69:2A,-41, WPA2 ,0.000000,0.000000,0.000,0.000,AP
2021-07-19 03:00:32,1900-01-00 00:00:00,Meidan Millioni,E8:CC:18:A8:69:2A,-41, WPA2 ,0.000000,0.000000,0.000,0.000,AP
2021-07-19 03:00:32,1900-01-00 00:00:00,Meidan Millioni,E8:CC:18:A8:69:2A,-41, WPA2 ,0.000000,0.000000,0.000,0.000,AP
2021-07-19 03:00:32,1900-01-00 00:00:00,Meidan Millioni,E8:CC:18:A8:69:2A,-41, WPA2 ,0.000000,0.000000,0.000,0.000,AP
2021-07-19 03:00:32,1900-01-00 00:00:00,Meidan Millioni,E8:CC:18:A8:69:2A,-41, WPA2 ,0.000000,0.000000,0.000,0.000,AP
2021-07-19 03:00:32,1900-01-00 00:00:00,Meidan Millioni,E8:CC:18:A8:69:2A,-41, WPA2 ,0.000000,0.000000,0.000,0.000,AP
2021-07-19 03:00:32,1900-01-00 00:00:00,Meidan Millioni,E8:CC:18:A8:69:2A,-41, WPA2 ,0.000000,0.000000,0.000,0.000,AP
2021-07-19 03:00:32,1900-01-00 00:00:00,Meidan Millioni,E8:CC:18:A8:69:2A,-43, WPA2 ,0.000000,0.000000,0.000,0.000,AP
2021-07-19 03:00:33,1900-01-00 00:00:00,Meidan Millioni,E8:CC:18:A8:69:2A,-41, WPA2 ,0.000000,0.000000,0.000,0.000,AP
2021-07-19 03:00:33,1900-01-00 00:00:00,Meidan Millioni,E8:CC:18:A8:69:2A,-39, WPA2 ,0.000000,0.000000,0.000,0.000,AP
2021-07-19 03:00:33,1900-01-00 00:00:00,Meidan Millioni,E8:CC:18:A8:69:2A,-43, WPA2 ,0.000000,0.000000,0.000,0.000,AP
2021-07-19 03:00:33,1900-01-00 00:00:00,Meidan Millioni,E8:CC:18:A8:69:2A,-41, WPA2 ,0.000000,0.000000,0.000,0.000,AP
2021-07-19 03:00:33,1900-01-00 00:00:00,Meidan Millioni,E8:CC:18:A8:69:2A,-43, WPA2 ,0.000000,0.000000,0.000,0.000,AP
2021-07-19 03:00:33,1900-01-00 00:00:00,Meidan Millioni,E8:CC:18:A8:69:2A,-43, WPA2 ,0.000000,0.000000,0.000,0.000,AP
2021-07-19 03:00:33,1900-01-00 00:00:00,Meidan Millioni,E8:CC:18:A8:69:2A,-43, WPA2 ,0.000000,0.000000,0.000,0.000,AP
2021-07-19 03:00:33,1900-01-00 00:00:00,Meidan Millioni,E8:CC:18:A8:69:2A,-41, WPA2 ,0.000000,0.000000,0.000,0.000,AP
2021-07-19 03:00:34,1900-01-00 00:00:00,Meidan Millioni,E8:CC:18:A8:69:2A,-43, WPA2 ,0.000000,0.000000,0.000,0.000,AP
2021-07-19 03:00:34,1900-01-00 00:00:00,Meidan Millioni,E8:CC:18:A8:69:2A,-41, WPA2 ,0.000000,0.000000,0.000,0.000,AP
2021-07-19 03:00:34,1900-01-00 00:00:00,Meidan Millioni,E8:CC:18:A8:69:2A,-43, WPA2 ,0.000000,0.000000,0.000,0.000,AP
2021-07-19 03:00:34,1900-01-00 00:00:00,Meidan Millioni,E8:CC:18:A8:69:2A,-43, WPA2 ,0.000000,0.000000,0.000,0.000,AP
2021-07-19 03:00:34,1900-01-00 00:00:00,Meidan Millioni,E8:CC:18:A8:69:2A,-43, WPA2 ,0.000000,0.000000,0.000,0.000,AP
2021-07-19 03:00:34,1900-01-00 00:00:00,Meidan Millioni,E8:CC:18:A8:69:2A,-43, WPA2 ,0.000000,0.000000,0.000,0.000,AP
2021-07-19 03:00:34,1900-01-00 00:00:00,Meidan Millioni,E8:CC:18:A8:69:2A,-41, WPA2 ,0.000000,0.000000,0.000,0.000,AP
2021-07-19 03:00:34,1900-01-00 00:00:00,Meidan Millioni,E8:CC:18:A8:69:2A,-41, WPA2 ,0.000000,0.000000,0.000,0.000,AP
2021-07-19 03:00:34,1900-01-00 00:00:00,Meidan Millioni,E8:CC:18:A8:69:2A,-43, WPA2 ,0.000000,0.000000,0.000,0.000,AP
2021-07-19 03:00:35,1900-01-00 00:00:00,Meidan Millioni,E8:CC:18:A8:69:2A,-43, WPA2 ,0.000000,0.000000,0.000,0.000,AP
2021-07-19 03:00:35,1900-01-00 00:00:00,Meidan Millioni,E8:CC:18:A8:69:2A,-43, WPA2 ,0.000000,0.000000,0.000,0.000,AP
2021-07-19 03:00:35,1900-01-00 00:00:00,Meidan Millioni,E8:CC:18:A8:69:2A,-41, WPA2 ,0.000000,0.000000,0.000,0.000,AP
2021-07-19 03:00:35,1900-01-00 00:00:00,Meidan Millioni,E8:CC:18:A8:69:2A,-43, WPA2 ,0.000000,0.000000,0.000,0.000,AP
2021-07-19 03:00:35,1900-01-00 00:00:00,Meidan Millioni,E8:CC:18:A8:69:2A,-41, WPA2 ,0.000000,0.000000,0.000,0.000,AP
2021-07-19 03:00:35,1900-01-00 00:00:00,Meidan Millioni,E8:CC:18:A8:69:2A,-41, WPA2 ,0.000000,0.000000,0.000,0.000,AP
2021-07-19 03:00:35,1900-01-00 00:00:00,Meidan Millioni,E8:CC:18:A8:69:2A,-43, WPA2 ,0.000000,0.000000,0.000,0.000,AP
2021-07-19 03:00:35,1900-01-00 00:00:00,Meidan Millioni,E8:CC:18:A8:69:2A,-43, WPA2 ,0.000000,0.000000,0.000,0.000,AP
2021-07-19 03:00:35,1900-01-00 00:00:00,Meidan Millioni,E8:CC:18:A8:69:2A,-43, WPA2 ,0.000000,0.000000,0.000,0.000,AP
2021-07-19 03:00:35,1900-01-00 00:00:00,Meidan Millioni,E8:CC:18:A8:69:2A,-43, WPA2 ,0.000000,0.000000,0.000,0.000,AP
2021-07-19 03:00:36,1900-01-00 00:00:00,Meidan Millioni,E8:CC:18:A8:69:2A,-41, WPA2 ,0.000000,0.000000,0.000,0.000,AP
2021-07-19 03:00:36,1900-01-00 00:00:00,Meidan Millioni,E8:CC:18:A8:69:2A,-43, WPA2 ,0.000000,0.000000,0.000,0.000,AP
2021-07-19 03:00:36,1900-01-00 00:00:00,Meidan Millioni,E8:CC:18:A8:69:2A,-41, WPA2 ,0.000000,0.000000,0.000,0.000,AP
2021-07-19 03:00:36,1900-01-00 00:00:00,Meidan Millioni,E8:CC:18:A8:69:2A,-43, WPA2 ,0.000000,0.000000,0.000,0.000,AP
2021-07-19 03:00:36,1900-01-00 00:00:00,Meidan Millioni,E8:CC:18:A8:69:2A,-43, WPA2 ,0.000000,0.000000,0.000,0.000,AP
2021-07-19 03:00:36,1900-01-00 00:00:00,Meidan Millioni,E8:CC:18:A8:69:2A,-41, WPA2 ,0.000000,0.000000,0.000,0.000,AP
2021-07-19 03:00:36,1900-01-00 00:00:00,Meidan Millioni,E8:CC:18:A8:69:2A,-43, WPA2 ,0.000000,0.000000,0.000,0.000,AP
2021-07-19 03:00:36,1900-01-00 00:00:00,Meidan Millioni,E8:CC:18:A8:69:2A,-43, WPA2 ,0.000000,0.000000,0.000,0.000,AP
2021-07-19 03:00:36,1900-01-00 00:00:00,Meidan Millioni,E8:CC:18:A8:69:2A,-41, WPA2 ,0.000000,0.000000,0.000,0.000,AP
2021-07-19 03:00:36,1900-01-00 00:00:00,Meidan Millioni,E8:CC:18:A8:69:2A,-41, WPA2 ,0.000000,0.000000,0.000,0.000,AP
2021-07-19 03:00:37,1900-01-00 00:00:00,Meidan Millioni,E8:CC:18:A8:69:2A,-41, WPA2 ,0.000000,0.000000,0.000,0.000,AP
2021-07-19 03:00:37,1900-01-00 00:00:00,Meidan Millioni,E8:CC:18:A8:69:2A,-41, WPA2 ,0.000000,0.000000,0.000,0.000,AP
2021-07-19 03:00:37,1900-01-00 00:00:00,Meidan Millioni,E8:CC:18:A8:69:2A,-41, WPA2 ,0.000000,0.000000,0.000,0.000,AP
2021-07-19 03:00:37,1900-01-00 00:00:00,Meidan Millioni,E8:CC:18:A8:69:2A,-43, WPA2 ,0.000000,0.000000,0.000,0.000,AP
2021-07-19 03:00:37,1900-01-00 00:00:00,Meidan Millioni,E8:CC:18:A8:69:2A,-43, WPA2 ,0.000000,0.000000,0.000,0.000,AP
2021-07-19 03:00:37,1900-01-00 00:00:00,Meidan Millioni,E8:CC:18:A8:69:2A,-41, WPA2 ,0.000000,0.000000,0.000,0.000,AP
2021-07-19 03:00:37,1900-01-00 00:00:00,Meidan Millioni,E8:CC:18:A8:69:2A,-41, WPA2 ,0.000000,0.000000,0.000,0.000,AP
2021-07-19 03:00:37,1900-01-00 00:00:00,Meidan Millioni,E8:CC:18:A8:69:2A,-41, WPA2 ,0.000000,0.000000,0.000,0.000,AP
2021-07-19 03:00:37,1900-01-00 00:00:00,Meidan Millioni,E8:CC:18:A8:69:2A,-43, WPA2 ,0.000000,0.000000,0.000,0.000,AP
2021-07-19 03:00:38,1900-01-00 00:00:00,Meidan Millioni,E8:CC:18:A8:69:2A,-41, WPA2 ,0.000000,0.000000,0.000,0.000,AP
2021-07-19 03:00:38,1900-01-00 00:00:00,Meidan Millioni,E8:CC:18:A8:69:2A,-43, WPA2 ,0.000000,0.000000,0.000,0.000,AP
2021-07-19 03:00:38,1900-01-00 00:00:00,Meidan Millioni,E8:CC:18:A8:69:2A,-43, WPA2 ,0.000000,0.000000,0.000,0.000,AP
2021-07-19 03:00:38,1900-01-00 00:00:00,Meidan Millioni,E8:CC:18:A8:69:2A,-41, WPA2 ,0.000000,0.000000,0.000,0.000,AP
2021-07-19 03:00:38,1900-01-00 00:00:00,Meidan Millioni,E8:CC:18:A8:69:2A,-43, WPA2 ,0.000000,0.000000,0.000,0.000,AP
2021-07-19 03:00:38,1900-01-00 00:00:00,Meidan Millioni,E8:CC:18:A8:69:2A,-41, WPA2 ,0.000000,0.000000,0.000,0.000,AP
2021-07-19 03:00:38,1900-01-00 00:00:00,Meidan Millioni,E8:CC:18:A8:69:2A,-41, WPA2 ,0.000000,0.000000,0.000,0.000,AP
2021-07-19 03:00:38,1900-01-00 00:00:00,Meidan Millioni,E8:CC:18:A8:69:2A,-41, WPA2 ,0.000000,0.000000,0.000,0.000,AP
2021-07-19 03:00:39,1900-01-00 00:00:00,Meidan Millioni,E8:CC:18:A8:69:2A,-41, WPA2 ,0.000000,0.000000,0.000,0.000,AP
2021-07-19 03:00:39,1900-01-00 00:00:00,Meidan Millioni,E8:CC:18:A8:69:2A,-41, WPA2 ,0.000000,0.000000,0.000,0.000,AP
2021-07-19 03:00:39,1900-01-00 00:00:00,Meidan Millioni,E8:CC:18:A8:69:2A,-43, WPA2 ,0.000000,0.000000,0.000,0.000,AP
2021-07-19 03:00:39,1900-01-00 00:00:00,Meidan Millioni,E8:CC:18:A8:69:2A,-41, WPA2 ,0.000000,0.000000,0.000,0.000,AP
2021-07-19 03:00:39,1900-01-00 00:00:00,Meidan Millioni,E8:CC:18:A8:69:2A,-43, WPA2 ,0.000000,0.000000,0.000,0.000,AP
2021-07-19 03:00:39,1900-01-00 00:00:00,Meidan Millioni,E8:CC:18:A8:69:2A,-43, WPA2 ,0.000000,0.000000,0.000,0.000,AP
2021-07-19 03:00:39,1900-01-00 00:00:00,Meidan Millioni,E8:CC:18:A8:69:2A,-41, WPA2 ,0.000000,0.000000,0.000,0.000,AP
2021-07-19 03:00:39,1900-01-00 00:00:00,Meidan Millioni,E8:CC:18:A8:69:2A,-43, WPA2 ,0.000000,0.000000,0.000,0.000,AP
2021-07-19 03:00:39,1900-01-00 00:00:00,Meidan Millioni,E8:CC:18:A8:69:2A,-41, WPA2 ,0.000000,0.000000,0.000,0.000,AP
2021-07-19 03:00:39,1900-01-00 00:00:00,Meidan Millioni,E8:CC:18:A8:69:2A,-41, WPA2 ,0.000000,0.000000,0.000,0.000,AP
2021-07-19 03:00:39,1900-01-00 00:00:00,Meidan Millioni,E8:CC:18:A8:69:2A,-41, WPA2 ,0.000000,0.000000,0.000,0.000,AP
2021-07-19 03:00:40,1900-01-00 00:00:00,Meidan Millioni,E8:CC:18:A8:69:2A,-43, WPA2 ,0.000000,0.000000,0.000,0.000,AP
2021-07-19 03:00:40,1900-01-00 00:00:00,Meidan Millioni,E8:CC:18:A8:69:2A,-43, WPA2 ,0.000000,0.000000,0.000,0.000,AP
2021-07-19 03:00:40,1900-01-00 00:00:00,Meidan Millioni,E8:CC:18:A8:69:2A,-43, WPA2 ,0.000000,0.000000,0.000,0.000,AP
2021-07-19 03:00:40,1900-01-00 00:00:00,Meidan Millioni,E8:CC:18:A8:69:2A,-45, WPA2 ,0.000000,0.000000,0.000,0.000,AP
2021-07-19 03:00:40,1900-01-00 00:00:00,Meidan Millioni,E8:CC:18:A8:69:2A,-43, WPA2 ,0.000000,0.000000,0.000,0.000,AP
2021-07-19 03:00:40,1900-01-00 00:00:00,Meidan Millioni,E8:CC:18:A8:69:2A,-43, WPA2 ,0.000000,0.000000,0.000,0.000,AP
2021-07-19 03:00:41,1900-01-00 00:00:00,Meidan Millioni,E8:CC:18:A8:69:2A,-43, WPA2 ,0.000000,0.000000,0.000,0.000,AP
2021-07-19 03:00:41,1900-01-00 00:00:00,Meidan Millioni,E8:CC:18:A8:69:2A,-43, WPA2 ,0.000000,0.000000,0.000,0.000,AP
2021-07-19 03:00:41,1900-01-00 00:00:00,Meidan Millioni,E8:CC:18:A8:69:2A,-43, WPA2 ,0.000000,0.000000,0.000,0.000,AP
2021-07-19 03:00:41,1900-01-00 00:00:00,Meidan Millioni,E8:CC:18:A8:69:2A,-43, WPA2 ,0.000000,0.000000,0.000,0.000,AP
2021-07-19 03:00:41,1900-01-00 00:00:00,Meidan Millioni,E8:CC:18:A8:69:2A,-43, WPA2 ,0.000000,0.000000,0.000,0.000,AP
2021-07-19 03:00:41,1900-01-00 00:00:00,Meidan Millioni,E8:CC:18:A8:69:2A,-43, WPA2 ,0.000000,0.000000,0.000,0.000,AP
2021-07-19 03:00:41,1900-01-00 00:00:00,Meidan Millioni,E8:CC:18:A8:69:2A,-43, WPA2 ,0.000000,0.000000,0.000,0.000,AP
2021-07-19 03:00:41,1900-01-00 00:00:00,Meidan Millioni,E8:CC:18:A8:69:2A,-43, WPA2 ,0.000000,0.000000,0.000,0.000,AP
2021-07-19 03:00:41,1900-01-00 00:00:00,Meidan Millioni,E8:CC:18:A8:69:2A,-43, WPA2 ,0.000000,0.000000,0.000,0.000,AP
2021-07-19 03:00:42,1900-01-00 00:00:00,Meidan Millioni,E8:CC:18:A8:69:2A,-43, WPA2 ,0.000000,0.000000,0.000,0.000,AP
2021-07-19 03:00:42,1900-01-00 00:00:00,Meidan Millioni,E8:CC:18:A8:69:2A,-45, WPA2 ,0.000000,0.000000,0.000,0.000,AP
2021-07-19 03:00:42,1900-01-00 00:00:00,Meidan Millioni,E8:CC:18:A8:69:2A,-43, WPA2 ,0.000000,0.000000,0.000,0.000,AP
2021-07-19 03:00:42,1900-01-00 00:00:00,Meidan Millioni,E8:CC:18:A8:69:2A,-43, WPA2 ,0.000000,0.000000,0.000,0.000,AP
2021-07-19 03:00:42,1900-01-00 00:00:00,Meidan Millioni,E8:CC:18:A8:69:2A,-43, WPA2 ,0.000000,0.000000,0.000,0.000,AP
2021-07-19 03:00:42,1900-01-00 00:00:00,Meidan Millioni,E8:CC:18:A8:69:2A,-43, WPA2 ,0.000000,0.000000,0.000,0.000,AP
2021-07-19 03:00:42,1900-01-00 00:00:00,Meidan Millioni,E8:CC:18:A8:69:2A,-43, WPA2 ,0.000000,0.000000,0.000,0.000,AP
2021-07-19 03:00:42,1900-01-00 00:00:00,Meidan Millioni,E8:CC:18:A8:69:2A,-43, WPA2 ,0.000000,0.000000,0.000,0.000,AP
2021-07-19 03:00:42,1900-01-00 00:00:00,Meidan Millioni,E8:CC:18:A8:69:2A,-45, WPA2 ,0.000000,0.000000,0.000,0.000,AP
2021-07-19 03:00:42,1900-01-00 00:00:00,Meidan Millioni,E8:CC:18:A8:69:2A,-43, WPA2 ,0.000000,0.000000,0.000,0.000,AP
2021-07-19 03:00:43,1900-01-00 00:00:00,Meidan Millioni,E8:CC:18:A8:69:2A,-43, WPA2 ,0.000000,0.000000,0.000,0.000,AP
2021-07-19 03:00:43,1900-01-00 00:00:00,Meidan Millioni,E8:CC:18:A8:69:2A,-45, WPA2 ,0.000000,0.000000,0.000,0.000,AP
2021-07-19 03:00:43,1900-01-00 00:00:00,Meidan Millioni,E8:CC:18:A8:69:2A,-43, WPA2 ,0.000000,0.000000,0.000,0.000,AP
2021-07-19 03:00:43,1900-01-00 00:00:00,Meidan Millioni,E8:CC:18:A8:69:2A,-43, WPA2 ,0.000000,0.000000,0.000,0.000,AP
2021-07-19 03:00:43,1900-01-00 00:00:00,Meidan Millioni,E8:CC:18:A8:69:2A,-43, WPA2 ,0.000000,0.000000,0.000,0.000,AP
2021-07-19 03:00:43,1900-01-00 00:00:00,Meidan Millioni,E8:CC:18:A8:69:2A,-43, WPA2 ,0.000000,0.000000,0.000,0.000,AP
2021-07-19 03:00:43,1900-01-00 00:00:00,Meidan Millioni,E8:CC:18:A8:69:2A,-41, WPA2 ,0.000000,0.000000,0.000,0.000,AP
2021-07-19 03:00:43,1900-01-00 00:00:00,Meidan Millioni,E8:CC:18:A8:69:2A,-43, WPA2 ,0.000000,0.000000,0.000,0.000,AP
2021-07-19 03:00:43,1900-01-00 00:00:00,Meidan Millioni,E8:CC:18:A8:69:2A,-45, WPA2 ,0.000000,0.000000,0.000,0.000,AP
2021-07-19 03:00:44,1900-01-00 00:00:00,Meidan Millioni,E8:CC:18:A8:69:2A,-43, WPA2 ,0.000000,0.000000,0.000,0.000,AP
2021-07-19 03:00:44,1900-01-00 00:00:00,Meidan Millioni,E8:CC:18:A8:69:2A,-43, WPA2 ,0.000000,0.000000,0.000,0.000,AP
2021-07-19 03:00:44,1900-01-00 00:00:00,Meidan Millioni,E8:CC:18:A8:69:2A,-41, WPA2 ,0.000000,0.000000,0.000,0.000,AP
2021-07-19 03:00:44,1900-01-00 00:00:00,Meidan Millioni,E8:CC:18:A8:69:2A,-43, WPA2 ,0.000000,0.000000,0.000,0.000,AP
2021-07-19 03:00:44,1900-01-00 00:00:00,Meidan Millioni,E8:CC:18:A8:69:2A,-43, WPA2 ,0.000000,0.000000,0.000,0.000,AP
2021-07-19 03:00:44,1900-01-00 00:00:00,Meidan Millioni,E8:CC:18:A8:69:2A,-43, WPA2 ,0.000000,0.000000,0.000,0.000,AP
2021-07-19 03:00:44,1900-01-00 00:00:00,Meidan Millioni,E8:CC:18:A8:69:2A,-43, WPA2 ,0.000000,0.000000,0.000,0.000,AP
2021-07-19 03:00:44,1900-01-00 00:00:00,Meidan Millioni,E8:CC:18:A8:69:2A,-43, WPA2 ,0.000000,0.000000,0.000,0.000,AP
2021-07-19 03:00:44,1900-01-00 00:00:00,Meidan Millioni,E8:CC:18:A8:69:2A,-43, WPA2 ,0.000000,0.000000,0.000,0.000,AP
2021-07-19 03:00:45,1900-01-00 00:00:00,Meidan Millioni,E8:CC:18:A8:69:2A,-43, WPA2 ,0.000000,0.000000,0.000,0.000,AP
2021-07-19 03:00:45,1900-01-00 00:00:00,Meidan Millioni,E8:CC:18:A8:69:2A,-43, WPA2 ,0.000000,0.000000,0.000,0.000,AP
2021-07-19 03:00:45,1900-01-00 00:00:00,Meidan Millioni,E8:CC:18:A8:69:2A,-43, WPA2 ,0.000000,0.000000,0.000,0.000,AP
2021-07-19 03:00:45,1900-01-00 00:00:00,Meidan Millioni,E8:CC:18:A8:69:2A,-43, WPA2 ,0.000000,0.000000,0.000,0.000,AP
2021-07-19 03:00:45,1900-01-00 00:00:00,Meidan Millioni,E8:CC:18:A8:69:2A,-43, WPA2 ,0.000000,0.000000,0.000,0.000,AP
2021-07-19 03:00:45,1900-01-00 00:00:00,Meidan Millioni,E8:CC:18:A8:69:2A,-43, WPA2 ,0.000000,0.000000,0.000,0.000,AP
2021-07-19 03:00:46,1900-01-00 00:00:00,Meidan Millioni,E8:CC:18:A8:69:2A,-43, WPA2 ,0.000000,0.000000,0.000,0.000,AP
2021-07-19 03:00:46,1900-01-00 00:00:00,Meidan Millioni,E8:CC:18:A8:69:2A,-43, WPA2 ,0.000000,0.000000,0.000,0.000,AP
2021-07-19 03:00:46,1900-01-00 00:00:00,Meidan Millioni,E8:CC:18:A8:69:2A,-43, WPA2 ,0.000000,0.000000,0.000,0.000,AP
2021-07-19 03:00:46,1900-01-00 00:00:00,Meidan Millioni,E8:CC:18:A8:69:2A,-41, WPA2 ,0.000000,0.000000,0.000,0.000,AP
2021-07-19 03:00:46,1900-01-00 00:00:00,Meidan Millioni,E8:CC:18:A8:69:2A,-41, WPA2 ,0.000000,0.000000,0.000,0.000,AP
2021-07-19 03:00:46,1900-01-00 00:00:00,Meidan Millioni,E8:CC:18:A8:69:2A,-43, WPA2 ,0.000000,0.000000,0.000,0.000,AP
2021-07-19 03:00:46,1900-01-00 00:00:00,Meidan Millioni,E8:CC:18:A8:69:2A,-43, WPA2 ,0.000000,0.000000,0.000,0.000,AP
2021-07-19 03:00:46,1900-01-00 00:00:00,Meidan Millioni,E8:CC:18:A8:69:2A,-41, WPA2 ,0.000000,0.000000,0.000,0.000,AP
2021-07-19 03:00:47,1900-01-00 00:00:00,Meidan Millioni,E8:CC:18:A8:69:2A,-43, WPA2 ,0.000000,0.000000,0.000,0.000,AP
2021-07-19 03:00:47,1900-01-00 00:00:00,Meidan Millioni,E8:CC:18:A8:69:2A,-45, WPA2 ,0.000000,0.000000,0.000,0.000,AP
2021-07-19 03:00:47,1900-01-00 00:00:00,Meidan Millioni,E8:CC:18:A8:69:2A,-45, WPA2 ,0.000000,0.000000,0.000,0.000,AP
2021-07-19 03:00:47,1900-01-00 00:00:00,Meidan Millioni,E8:CC:18:A8:69:2A,-43, WPA2 ,0.000000,0.000000,0.000,0.000,AP
2021-07-19 03:00:47,1900-01-00 00:00:00,Meidan Millioni,E8:CC:18:A8:69:2A,-43, WPA2 ,0.000000,0.000000,0.000,0.000,AP
2021-07-19 03:00:47,1900-01-00 00:00:00,Meidan Millioni,E8:CC:18:A8:69:2A,-43, WPA2 ,0.000000,0.000000,0.000,0.000,AP
2021-07-19 03:00:47,1900-01-00 00:00:00,Meidan Millioni,E8:CC:18:A8:69:2A,-43, WPA2 ,0.000000,0.000000,0.000,0.000,AP
2021-07-19 03:00:47,1900-01-00 00:00:00,Meidan Millioni,E8:CC:18:A8:69:2A,-45, WPA2 ,0.000000,0.000000,0.000,0.000,AP
2021-07-19 03:00:48,1900-01-00 00:00:00,Meidan Millioni,E8:CC:18:A8:69:2A,-45, WPA2 ,0.000000,0.000000,0.000,0.000,AP
2021-07-19 03:00:48,1900-01-00 00:00:00,Meidan Millioni,E8:CC:18:A8:69:2A,-43, WPA2 ,0.000000,0.000000,0.000,0.000,AP
2021-07-19 03:00:48,1900-01-00 00:00:00,Meidan Millioni,E8:CC:18:A8:69:2A,-43, WPA2 ,0.000000,0.000000,0.000,0.000,AP
2021-07-19 03:00:48,1900-01-00 00:00:00,Meidan Millioni,E8:CC:18:A8:69:2A,-43, WPA2 ,0.000000,0.000000,0.000,0.000,AP
2021-07-19 03:00:48,1900-01-00 00:00:00,Meidan Millioni,E8:CC:18:A8:69:2A,-41, WPA2 ,0.000000,0.000000,0.000,0.000,AP
2021-07-19 03:00:48,1900-01-00 00:00:00,Meidan Millioni,E8:CC:18:A8:69:2A,-43, WPA2 ,0.000000,0.000000,0.000,0.000,AP
2021-07-19 03:00:48,1900-01-00 00:00:00,Meidan Millioni,E8:CC:18:A8:69:2A,-45, WPA2 ,0.000000,0.000000,0.000,0.000,AP
2021-07-19 03:00:48,1900-01-00 00:00:00,Meidan Millioni,E8:CC:18:A8:69:2A,-43, WPA2 ,0.000000,0.000000,0.000,0.000,AP
2021-07-19 03:00:48,1900-01-00 00:00:00,Meidan Millioni,E8:CC:18:A8:69:2A,-43, WPA2 ,0.000000,0.000000,0.000,0.000,AP
2021-07-19 03:00:49,1900-01-00 00:00:00,Meidan Millioni,E8:CC:18:A8:69:2A,-43, WPA2 ,0.000000,0.000000,0.000,0.000,AP
2021-07-19 03:00:49,1900-01-00 00:00:00,Meidan Millioni,E8:CC:18:A8:69:2A,-45, WPA2 ,0.000000,0.000000,0.000,0.000,AP
2021-07-19 03:00:49,1900-01-00 00:00:00,Meidan Millioni,E8:CC:18:A8:69:2A,-43, WPA2 ,0.000000,0.000000,0.000,0.000,AP
2021-07-19 03:00:49,1900-01-00 00:00:00,Meidan Millioni,E8:CC:18:A8:69:2A,-77, WPA2 ,0.000000,0.000000,0.000,0.000,AP
2021-07-19 03:00:49,1900-01-00 00:00:00,Meidan Millioni,E8:CC:18:A8:69:2A,-45, WPA2 ,0.000000,0.000000,0.000,0.000,AP
2021-07-19 03:00:49,1900-01-00 00:00:00,Meidan Millioni,E8:CC:18:A8:69:2A,-45, WPA2 ,0.000000,0.000000,0.000,0.000,AP
2021-07-19 03:00:49,1900-01-00 00:00:00,Meidan Millioni,E8:CC:18:A8:69:2A,-45, WPA2 ,0.000000,0.000000,0.000,0.000,AP
2021-07-19 03:00:49,1900-01-00 00:00:00,Meidan Millioni,E8:CC:18:A8:69:2A,-45, WPA2 ,0.000000,0.000000,0.000,0.000,AP
2021-07-19 03:00:50,1900-01-00 00:00:00,Meidan Millioni,E8:CC:18:A8:69:2A,-45, WPA2 ,0.000000,0.000000,0.000,0.000,AP
2021-07-19 03:00:50,1900-01-00 00:00:00,Meidan Millioni,E8:CC:18:A8:69:2A,-45, WPA2 ,0.000000,0.000000,0.000,0.000,AP
2021-07-19 03:00:50,1900-01-00 00:00:00,Meidan Millioni,E8:CC:18:A8:69:2A,-45, WPA2 ,0.000000,0.000000,0.000,0.000,AP
2021-07-19 03:00:50,1900-01-00 00:00:00,Meidan Millioni,E8:CC:18:A8:69:2A,-45, WPA2 ,0.000000,0.000000,0.000,0.000,AP
2021-07-19 03:00:50,1900-01-00 00:00:00,Meidan Millioni,E8:CC:18:A8:69:2A,-47, WPA2 ,0.000000,0.000000,0.000,0.000,AP
2021-07-19 03:00:50,1900-01-00 00:00:00,Meidan Millioni,E8:CC:18:A8:69:2A,-47, WPA2 ,0.000000,0.000000,0.000,0.000,AP
2021-07-19 03:00:50,1900-01-00 00:00:00,Meidan Millioni,E8:CC:18:A8:69:2A,-45, WPA2 ,0.000000,0.000000,0.000,0.000,AP
2021-07-19 03:00:50,1900-01-00 00:00:00,Meidan Millioni,E8:CC:18:A8:69:2A,-45, WPA2 ,0.000000,0.000000,0.000,0.000,AP
2021-07-19 03:00:50,1900-01-00 00:00:00,Meidan Millioni,E8:CC:18:A8:69:2A,-45, WPA2 ,0.000000,0.000000,0.000,0.000,AP
2021-07-19 03:00:51,1900-01-00 00:00:00,Meidan Millioni,E8:CC:18:A8:69:2A,-43, WPA2 ,0.000000,0.000000,0.000,0.000,AP
2021-07-19 03:00:51,1900-01-00 00:00:00,Meidan Millioni,E8:CC:18:A8:69:2A,-45, WPA2 ,0.000000,0.000000,0.000,0.000,AP
2021-07-19 03:00:51,1900-01-00 00:00:00,Meidan Millioni,E8:CC:18:A8:69:2A,-43, WPA2 ,0.000000,0.000000,0.000,0.000,AP
2021-07-19 03:00:51,1900-01-00 00:00:00,Meidan Millioni,E8:CC:18:A8:69:2A,-45, WPA2 ,0.000000,0.000000,0.000,0.000,AP
2021-07-19 03:00:51,1900-01-00 00:00:00,Meidan Millioni,E8:CC:18:A8:69:2A,-45, WPA2 ,0.000000,0.000000,0.000,0.000,AP
2021-07-19 03:00:51,1900-01-00 00:00:00,Meidan Millioni,E8:CC:18:A8:69:2A,-45, WPA2 ,0.000000,0.000000,0.000,0.000,AP
2021-07-19 03:00:51,1900-01-00 00:00:00,Meidan Millioni,E8:CC:18:A8:69:2A,-45, WPA2 ,0.000000,0.000000,0.000,0.000,AP
2021-07-19 03:00:51,1900-01-00 00:00:00,Meidan Millioni,E8:CC:18:A8:69:2A,-45, WPA2 ,0.000000,0.000000,0.000,0.000,AP
2021-07-19 03:00:51,1900-01-00 00:00:00,Meidan Millioni,E8:CC:18:A8:69:2A,-43, WPA2 ,0.000000,0.000000,0.000,0.000,AP
2021-07-19 03:00:52,1900-01-00 00:00:00,Meidan Millioni,E8:CC:18:A8:69:2A,-45, WPA2 ,0.000000,0.000000,0.000,0.000,AP
2021-07-19 03:00:52,1900-01-00 00:00:00,Meidan Millioni,E8:CC:18:A8:69:2A,-45, WPA2 ,0.000000,0.000000,0.000,0.000,AP
2021-07-19 03:00:52,1900-01-00 00:00:00,Meidan Millioni,E8:CC:18:A8:69:2A,-45, WPA2 ,0.000000,0.000000,0.000,0.000,AP
2021-07-19 03:00:52,1900-01-00 00:00:00,Meidan Millioni,E8:CC:18:A8:69:2A,-45, WPA2 ,0.000000,0.000000,0.000,0.000,AP
2021-07-19 03:00:52,1900-01-00 00:00:00,Meidan Millioni,E8:CC:18:A8:69:2A,-45, WPA2 ,0.000000,0.000000,0.000,0.000,AP
2021-07-19 03:00:52,1900-01-00 00:00:00,Meidan Millioni,E8:CC:18:A8:69:2A,-45, WPA2 ,0.000000,0.000000,0.000,0.000,AP
2021-07-19 03:00:52,1900-01-00 00:00:00,Meidan Millioni,E8:CC:18:A8:69:2A,-45, WPA2 ,0.000000,0.000000,0.000,0.000,AP
2021-07-19 03:00:53,1900-01-00 00:00:00,Meidan Millioni,E8:CC:18:A8:69:2A,-45, WPA2 ,0.000000,0.000000,0.000,0.000,AP
2021-07-19 03:00:53,1900-01-00 00:00:00,Meidan Millioni,E8:CC:18:A8:69:2A,-45, WPA2 ,0.000000,0.000000,0.000,0.000,AP
2021-07-19 03:00:53,1900-01-00 00:00:00,Meidan Millioni,E8:CC:18:A8:69:2A,-45, WPA2 ,0.000000,0.000000,0.000,0.000,AP
2021-07-19 03:00:53,1900-01-00 00:00:00,Meidan Millioni,E8:CC:18:A8:69:2A,-43, WPA2 ,0.000000,0.000000,0.000,0.000,AP
2021-07-19 03:00:53,1900-01-00 00:00:00,Meidan Millioni,E8:CC:18:A8:69:2A,-43, WPA2 ,0.000000,0.000000,0.000,0.000,AP
2021-07-19 03:00:53,1900-01-00 00:00:00,Meidan Millioni,E8:CC:18:A8:69:2A,-45, WPA2 ,0.000000,0.000000,0.000,0.000,AP
2021-07-19 03:00:53,1900-01-00 00:00:00,Meidan Millioni,E8:CC:18:A8:69:2A,-45, WPA2 ,0.000000,0.000000,0.000,0.000,AP
2021-07-19 03:00:53,1900-01-00 00:00:00,Meidan Millioni,E8:CC:18:A8:69:2A,-45, WPA2 ,0.000000,0.000000,0.000,0.000,AP
2021-07-19 03:00:53,1900-01-00 00:00:00,Meidan Millioni,E8:CC:18:A8:69:2A,-45, WPA2 ,0.000000,0.000000,0.000,0.000,AP
2021-07-19 03:00:54,1900-01-00 00:00:00,Meidan Millioni,E8:CC:18:A8:69:2A,-45, WPA2 ,0.000000,0.000000,0.000,0.000,AP
2021-07-19 03:00:54,1900-01-00 00:00:00,Meidan Millioni,E8:CC:18:A8:69:2A,-45, WPA2 ,0.000000,0.000000,0.000,0.000,AP
2021-07-19 03:00:54,1900-01-00 00:00:00,Meidan Millioni,E8:CC:18:A8:69:2A,-45, WPA2 ,0.000000,0.000000,0.000,0.000,AP
2021-07-19 03:00:54,1900-01-00 00:00:00,Meidan Millioni,E8:CC:18:A8:69:2A,-49, WPA2 ,0.000000,0.000000,0.000,0.000,AP
2021-07-19 03:00:54,1900-01-00 00:00:00,Meidan Millioni,E8:CC:18:A8:69:2A,-47, WPA2 ,0.000000,0.000000,0.000,0.000,AP
2021-07-19 03:00:55,1900-01-00 00:00:00,Meidan Millioni,E8:CC:18:A8:69:2A,-45, WPA2 ,0.000000,0.000000,0.000,0.000,AP
2021-07-19 03:00:55,1900-01-00 00:00:00,Meidan Millioni,E8:CC:18:A8:69:2A,-49, WPA2 ,0.000000,0.000000,0.000,0.000,AP
2021-07-19 03:00:55,1900-01-00 00:00:00,Meidan Millioni,E8:CC:18:A8:69:2A,-45, WPA2 ,0.000000,0.000000,0.000,0.000,AP
2021-07-19 03:00:55,1900-01-00 00:00:00,Meidan Millioni,E8:CC:18:A8:69:2A,-43, WPA2 ,0.000000,0.000000,0.000,0.000,AP
2021-07-19 03:00:55,1900-01-00 00:00:00,Meidan Millioni,E8:CC:18:A8:69:2A,-45, WPA2 ,0.000000,0.000000,0.000,0.000,AP
2021-07-19 03:00:55,1900-01-00 00:00:00,Meidan Millioni,E8:CC:18:A8:69:2A,-43, WPA2 ,0.000000,0.000000,0.000,0.000,AP
2021-07-19 03:00:55,1900-01-00 00:00:00,Meidan Millioni,E8:CC:18:A8:69:2A,-43, WPA2 ,0.000000,0.000000,0.000,0.000,AP
2021-07-19 03:00:55,1900-01-00 00:00:00,Meidan Millioni,E8:CC:18:A8:69:2A,-43, WPA2 ,0.000000,0.000000,0.000,0.000,AP
2021-07-19 03:00:55,1900-01-00 00:00:00,Meidan Millioni,E8:CC:18:A8:69:2A,-45, WPA2 ,0.000000,0.000000,0.000,0.000,AP
2021-07-19 03:00:56,1900-01-00 00:00:00,Meidan Millioni,E8:CC:18:A8:69:2A,-45, WPA2 ,0.000000,0.000000,0.000,0.000,AP
2021-07-19 03:00:56,1900-01-00 00:00:00,Meidan Millioni,E8:CC:18:A8:69:2A,-43, WPA2 ,0.000000,0.000000,0.000,0.000,AP
2021-07-19 03:00:56,1900-01-00 00:00:00,Meidan Millioni,E8:CC:18:A8:69:2A,-45, WPA2 ,0.000000,0.000000,0.000,0.000,AP
2021-07-19 03:00:56,1900-01-00 00:00:00,Meidan Millioni,E8:CC:18:A8:69:2A,-43, WPA2 ,0.000000,0.000000,0.000,0.000,AP
2021-07-19 03:00:56,1900-01-00 00:00:00,Meidan Millioni,E8:CC:18:A8:69:2A,-43, WPA2 ,0.000000,0.000000,0.000,0.000,AP
2021-07-19 03:00:56,1900-01-00 00:00:00,Meidan Millioni,E8:CC:18:A8:69:2A,-43, WPA2 ,0.000000,0.000000,0.000,0.000,AP
2021-07-19 03:00:56,1900-01-00 00:00:00,Meidan Millioni,E8:CC:18:A8:69:2A,-43, WPA2 ,0.000000,0.000000,0.000,0.000,AP
2021-07-19 03:00:57,1900-01-00 00:00:00,Meidan Millioni,E8:CC:18:A8:69:2A,-43, WPA2 ,0.000000,0.000000,0.000,0.000,AP
2021-07-19 03:00:57,1900-01-00 00:00:00,Meidan Millioni,E8:CC:18:A8:69:2A,-43, WPA2 ,0.000000,0.000000,0.000,0.000,AP
2021-07-19 03:00:57,1900-01-00 00:00:00,Meidan Millioni,E8:CC:18:A8:69:2A,-79, WPA2 ,0.000000,0.000000,0.000,0.000,AP
2021-07-19 03:00:57,1900-01-00 00:00:00,Meidan Millioni,E8:CC:18:A8:69:2A,-43, WPA2 ,0.000000,0.000000,0.000,0.000,AP
2021-07-19 03:00:57,1900-01-00 00:00:00,Meidan Millioni,E8:CC:18:A8:69:2A,-43, WPA2 ,0.000000,0.000000,0.000,0.000,AP
2021-07-19 03:00:57,1900-01-00 00:00:00,Meidan Millioni,E8:CC:18:A8:69:2A,-43, WPA2 ,0.000000,0.000000,0.000,0.000,AP
2021-07-19 03:00:57,1900-01-00 00:00:00,Meidan Millioni,E8:CC:18:A8:69:2A,-43, WPA2 ,0.000000,0.000000,0.000,0.000,AP
2021-07-19 03:00:57,1900-01-00 00:00:00,Meidan Millioni,E8:CC:18:A8:69:2A,-43, WPA2 ,0.000000,0.000000,0.000,0.000,AP
2021-07-19 03:00:57,1900-01-00 00:00:00,Meidan Millioni,E8:CC:18:A8:69:2A,-43, WPA2 ,0.000000,0.000000,0.000,0.000,AP
2021-07-19 03:00:57,1900-01-00 00:00:00,Meidan Millioni,E8:CC:18:A8:69:2A,-43, WPA2 ,0.000000,0.000000,0.000,0.000,AP
2021-07-19 03:00:58,1900-01-00 00:00:00,Meidan Millioni,E8:CC:18:A8:69:2A,-43, WPA2 ,0.000000,0.000000,0.000,0.000,AP
2021-07-19 03:00:58,1900-01-00 00:00:00,Meidan Millioni,E8:CC:18:A8:69:2A,-45, WPA2 ,0.000000,0.000000,0.000,0.000,AP
2021-07-19 03:00:58,1900-01-00 00:00:00,Meidan Millioni,E8:CC:18:A8:69:2A,-45, WPA2 ,0.000000,0.000000,0.000,0.000,AP
2021-07-19 03:00:58,1900-01-00 00:00:00,Meidan Millioni,E8:CC:18:A8:69:2A,-45, WPA2 ,0.000000,0.000000,0.000,0.000,AP
2021-07-19 03:00:58,1900-01-00 00:00:00,Meidan Millioni,E8:CC:18:A8:69:2A,-43, WPA2 ,0.000000,0.000000,0.000,0.000,AP
2021-07-19 03:00:58,1900-01-00 00:00:00,Meidan Millioni,E8:CC:18:A8:69:2A,-43, WPA2 ,0.000000,0.000000,0.000,0.000,AP
2021-07-19 03:00:58,1900-01-00 00:00:00,Meidan Millioni,E8:CC:18:A8:69:2A,-43, WPA2 ,0.000000,0.000000,0.000,0.000,AP
2021-07-19 03:00:58,1900-01-00 00:00:00,Meidan Millioni,E8:CC:18:A8:69:2A,-45, WPA2 ,0.000000,0.000000,0.000,0.000,AP
2021-07-19 03:00:58,1900-01-00 00:00:00,Meidan Millioni,E8:CC:18:A8:69:2A,-45, WPA2 ,0.000000,0.000000,0.000,0.000,AP
2021-07-19 03:00:59,1900-01-00 00:00:00,Meidan Millioni,E8:CC:18:A8:69:2A,-45, WPA2 ,0.000000,0.000000,0.000,0.000,AP
2021-07-19 03:00:59,1900-01-00 00:00:00,Meidan Millioni,E8:CC:18:A8:69:2A,-43, WPA2 ,0.000000,0.000000,0.000,0.000,AP
2021-07-19 03:00:59,1900-01-00 00:00:00,Meidan Millioni,E8:CC:18:A8:69:2A,-43, WPA2 ,0.000000,0.000000,0.000,0.000,AP
2021-07-19 03:00:59,1900-01-00 00:00:00,Meidan Millioni,E8:CC:18:A8:69:2A,-43, WPA2 ,0.000000,0.000000,0.000,0.000,AP
2021-07-19 03:00:59,1900-01-00 00:00:00,Meidan Millioni,E8:CC:18:A8:69:2A,-45, WPA2 ,0.000000,0.000000,0.000,0.000,AP
2021-07-19 03:00:59,1900-01-00 00:00:00,Meidan Millioni,E8:CC:18:A8:69:2A,-45, WPA2 ,0.000000,0.000000,0.000,0.000,AP
2021-07-19 03:00:59,1900-01-00 00:00:00,Meidan Millioni,E8:CC:18:A8:69:2A,-43, WPA2 ,0.000000,0.000000,0.000,0.000,AP
2021-07-19 03:00:59,1900-01-00 00:00:00,Meidan Millioni,E8:CC:18:A8:69:2A,-45, WPA2 ,0.000000,0.000000,0.000,0.000,AP
2021-07-19 03:00:59,1900-01-00 00:00:00,Meidan Millioni,E8:CC:18:A8:69:2A,-43, WPA2 ,0.000000,0.000000,0.000,0.000,AP
2021-07-19 03:01:00,1900-01-00 00:00:00,Meidan Millioni,E8:CC:18:A8:69:2A,-45, WPA2 ,0.000000,0.000000,0.000,0.000,AP
2021-07-19 03:01:00,1900-01-00 00:00:00,Meidan Millioni,E8:CC:18:A8:69:2A,-45, WPA2 ,0.000000,0.000000,0.000,0.000,AP
2021-07-19 03:01:00,1900-01-00 00:00:00,Meidan Millioni,E8:CC:18:A8:69:2A,-45, WPA2 ,0.000000,0.000000,0.000,0.000,AP
2021-07-19 03:01:00,1900-01-00 00:00:00,Meidan Millioni,E8:CC:18:A8:69:2A,-45, WPA2 ,0.000000,0.000000,0.000,0.000,AP
2021-07-19 03:01:00,1900-01-00 00:00:00,Meidan Millioni,E8:CC:18:A8:69:2A,-45, WPA2 ,0.000000,0.000000,0.000,0.000,AP
2021-07-19 03:01:00,1900-01-00 00:00:00,Meidan Millioni,E8:CC:18:A8:69:2A,-45, WPA2 ,0.000000,0.000000,0.000,0.000,AP
2021-07-19 03:01:00,1900-01-00 00:00:00,Meidan Millioni,E8:CC:18:A8:69:2A,-45, WPA2 ,0.000000,0.000000,0.000,0.000,AP
2021-07-19 03:01:00,1900-01-00 00:00:00,Meidan Millioni,E8:CC:18:A8:69:2A,-43, WPA2 ,0.000000,0.000000,0.000,0.000,AP
2021-07-19 03:01:00,1900-01-00 00:00:00,Meidan Millioni,E8:CC:18:A8:69:2A,-45, WPA2 ,0.000000,0.000000,0.000,0.000,AP
2021-07-19 03:01:01,1900-01-00 00:00:00,Meidan Millioni,E8:CC:18:A8:69:2A,-43, WPA2 ,0.000000,0.000000,0.000,0.000,AP
2021-07-19 03:01:01,1900-01-00 00:00:00,Meidan Millioni,E8:CC:18:A8:69:2A,-45, WPA2 ,0.000000,0.000000,0.000,0.000,AP
2021-07-19 03:01:01,1900-01-00 00:00:00,Meidan Millioni,E8:CC:18:A8:69:2A,-45, WPA2 ,0.000000,0.000000,0.000,0.000,AP
2021-07-19 03:01:01,1900-01-00 00:00:00,Meidan Millioni,E8:CC:18:A8:69:2A,-45, WPA2 ,0.000000,0.000000,0.000,0.000,AP
2021-07-19 03:01:01,1900-01-00 00:00:00,Meidan Millioni,E8:CC:18:A8:69:2A,-43, WPA2 ,0.000000,0.000000,0.000,0.000,AP
2021-07-19 03:01:01,1900-01-00 00:00:00,Meidan Millioni,E8:CC:18:A8:69:2A,-45, WPA2 ,0.000000,0.000000,0.000,0.000,AP
2021-07-19 03:01:01,1900-01-00 00:00:00,Meidan Millioni,E8:CC:18:A8:69:2A,-43, WPA2 ,0.000000,0.000000,0.000,0.000,AP
2021-07-19 03:01:01,1900-01-00 00:00:00,Meidan Millioni,E8:CC:18:A8:69:2A,-43, WPA2 ,0.000000,0.000000,0.000,0.000,AP
2021-07-19 03:01:01,1900-01-00 00:00:00,Meidan Millioni,E8:CC:18:A8:69:2A,-45, WPA2 ,0.000000,0.000000,0.000,0.000,AP
2021-07-19 03:01:01,1900-01-00 00:00:00,Meidan Millioni,E8:CC:18:A8:69:2A,-45, WPA2 ,0.000000,0.000000,0.000,0.000,AP
2021-07-19 03:01:02,1900-01-00 00:00:00,Meidan Millioni,E8:CC:18:A8:69:2A,-43, WPA2 ,0.000000,0.000000,0.000,0.000,AP
2021-07-19 03:01:02,1900-01-00 00:00:00,Meidan Millioni,E8:CC:18:A8:69:2A,-43, WPA2 ,0.000000,0.000000,0.000,0.000,AP
2021-07-19 03:01:02,1900-01-00 00:00:00,Meidan Millioni,E8:CC:18:A8:69:2A,-43, WPA2 ,0.000000,0.000000,0.000,0.000,AP
2021-07-19 03:01:02,1900-01-00 00:00:00,Meidan Millioni,E8:CC:18:A8:69:2A,-43, WPA2 ,0.000000,0.000000,0.000,0.000,AP
2021-07-19 03:01:02,1900-01-00 00:00:00,Meidan Millioni,E8:CC:18:A8:69:2A,-45, WPA2 ,0.000000,0.000000,0.000,0.000,AP
2021-07-19 03:01:02,1900-01-00 00:00:00,Meidan Millioni,E8:CC:18:A8:69:2A,-45, WPA2 ,0.000000,0.000000,0.000,0.000,AP
2021-07-19 03:01:02,1900-01-00 00:00:00,Meidan Millioni,E8:CC:18:A8:69:2A,-43, WPA2 ,0.000000,0.000000,0.000,0.000,AP
2021-07-19 03:01:02,1900-01-00 00:00:00,Meidan Millioni,E8:CC:18:A8:69:2A,-45, WPA2 ,0.000000,0.000000,0.000,0.000,AP
2021-07-19 03:01:03,1900-01-00 00:00:00,Meidan Millioni,E8:CC:18:A8:69:2A,-45, WPA2 ,0.000000,0.000000,0.000,0.000,AP
2021-07-19 03:01:03,1900-01-00 00:00:00,Meidan Millioni,E8:CC:18:A8:69:2A,-45, WPA2 ,0.000000,0.000000,0.000,0.000,AP
2021-07-19 03:01:03,1900-01-00 00:00:00,Meidan Millioni,E8:CC:18:A8:69:2A,-45, WPA2 ,0.000000,0.000000,0.000,0.000,AP
2021-07-19 03:01:03,1900-01-00 00:00:00,Meidan Millioni,E8:CC:18:A8:69:2A,-45, WPA2 ,0.000000,0.000000,0.000,0.000,AP
2021-07-19 03:01:03,1900-01-00 00:00:00,Meidan Millioni,E8:CC:18:A8:69:2A,-43, WPA2 ,0.000000,0.000000,0.000,0.000,AP
2021-07-19 03:01:03,1900-01-00 00:00:00,Meidan Millioni,E8:CC:18:A8:69:2A,-45, WPA2 ,0.000000,0.000000,0.000,0.000,AP
2021-07-19 03:01:03,1900-01-00 00:00:00,Meidan Millioni,E8:CC:18:A8:69:2A,-43, WPA2 ,0.000000,0.000000,0.000,0.000,AP
2021-07-19 03:01:03,1900-01-00 00:00:00,Meidan Millioni,E8:CC:18:A8:69:2A,-45, WPA2 ,0.000000,0.000000,0.000,0.000,AP
2021-07-19 03:01:03,1900-01-00 00:00:00,Meidan Millioni,E8:CC:18:A8:69:2A,-43, WPA2 ,0.000000,0.000000,0.000,0.000,AP
2021-07-19 03:01:03,1900-01-00 00:00:00,Meidan Millioni,E8:CC:18:A8:69:2A,-45, WPA2 ,0.000000,0.000000,0.000,0.000,AP
2021-07-19 03:01:04,1900-01-00 00:00:00,Meidan Millioni,E8:CC:18:A8:69:2A,-43, WPA2 ,0.000000,0.000000,0.000,0.000,AP
2021-07-19 03:01:04,1900-01-00 00:00:00,Meidan Millioni,E8:CC:18:A8:69:2A,-45, WPA2 ,0.000000,0.000000,0.000,0.000,AP
2021-07-19 03:01:04,1900-01-00 00:00:00,Meidan Millioni,E8:CC:18:A8:69:2A,-43, WPA2 ,0.000000,0.000000,0.000,0.000,AP
2021-07-19 03:01:04,1900-01-00 00:00:00,Meidan Millioni,E8:CC:18:A8:69:2A,-45, WPA2 ,0.000000,0.000000,0.000,0.000,AP
2021-07-19 03:01:04,1900-01-00 00:00:00,Meidan Millioni,E8:CC:18:A8:69:2A,-45, WPA2 ,0.000000,0.000000,0.000,0.000,AP
2021-07-19 03:01:04,1900-01-00 00:00:00,Meidan Millioni,E8:CC:18:A8:69:2A,-43, WPA2 ,0.000000,0.000000,0.000,0.000,AP
2021-07-19 03:01:04,1900-01-00 00:00:00,Meidan Millioni,E8:CC:18:A8:69:2A,-75, WPA2 ,0.000000,0.000000,0.000,0.000,AP
2021-07-19 03:01:04,1900-01-00 00:00:00,Meidan Millioni,E8:CC:18:A8:69:2A,-43, WPA2 ,0.000000,0.000000,0.000,0.000,AP
2021-07-19 03:01:04,1900-01-00 00:00:00,Meidan Millioni,E8:CC:18:A8:69:2A,-45, WPA2 ,0.000000,0.000000,0.000,0.000,AP
2021-07-19 03:01:05,1900-01-00 00:00:00,Meidan Millioni,E8:CC:18:A8:69:2A,-43, WPA2 ,0.000000,0.000000,0.000,0.000,AP
2021-07-19 03:01:05,1900-01-00 00:00:00,Meidan Millioni,E8:CC:18:A8:69:2A,-45, WPA2 ,0.000000,0.000000,0.000,0.000,AP
2021-07-19 03:01:05,1900-01-00 00:00:00,Meidan Millioni,E8:CC:18:A8:69:2A,-43, WPA2 ,0.000000,0.000000,0.000,0.000,AP
2021-07-19 03:01:05,1900-01-00 00:00:00,Meidan Millioni,E8:CC:18:A8:69:2A,-43, WPA2 ,0.000000,0.000000,0.000,0.000,AP
2021-07-19 03:01:05,1900-01-00 00:00:00,Meidan Millioni,E8:CC:18:A8:69:2A,-45, WPA2 ,0.000000,0.000000,0.000,0.000,AP
2021-07-19 03:01:05,1900-01-00 00:00:00,Meidan Millioni,E8:CC:18:A8:69:2A,-43, WPA2 ,0.000000,0.000000,0.000,0.000,AP
2021-07-19 03:01:05,1900-01-00 00:00:00,Meidan Millioni,E8:CC:18:A8:69:2A,-43, WPA2 ,0.000000,0.000000,0.000,0.000,AP
2021-07-19 03:01:05,1900-01-00 00:00:00,Meidan Millioni,E8:CC:18:A8:69:2A,-43, WPA2 ,0.000000,0.000000,0.000,0.000,AP
2021-07-19 03:01:06,1900-01-00 00:00:00,Meidan Millioni,E8:CC:18:A8:69:2A,-43, WPA2 ,0.000000,0.000000,0.000,0.000,AP
2021-07-19 03:01:06,1900-01-00 00:00:00,Meidan Millioni,E8:CC:18:A8:69:2A,-43, WPA2 ,0.000000,0.000000,0.000,0.000,AP
2021-07-19 03:01:06,1900-01-00 00:00:00,Meidan Millioni,E8:CC:18:A8:69:2A,-43, WPA2 ,0.000000,0.000000,0.000,0.000,AP
2021-07-19 03:01:06,1900-01-00 00:00:00,Meidan Millioni,E8:CC:18:A8:69:2A,-43, WPA2 ,0.000000,0.000000,0.000,0.000,AP
2021-07-19 03:01:06,1900-01-00 00:00:00,Meidan Millioni,E8:CC:18:A8:69:2A,-45, WPA2 ,0.000000,0.000000,0.000,0.000,AP
2021-07-19 03:01:06,1900-01-00 00:00:00,Meidan Millioni,E8:CC:18:A8:69:2A,-43, WPA2 ,0.000000,0.000000,0.000,0.000,AP
2021-07-19 03:01:06,1900-01-00 00:00:00,Meidan Millioni,E8:CC:18:A8:69:2A,-43, WPA2 ,0.000000,0.000000,0.000,0.000,AP
2021-07-19 03:01:06,1900-01-00 00:00:00,Meidan Millioni,E8:CC:18:A8:69:2A,-43, WPA2 ,0.000000,0.000000,0.000,0.000,AP
2021-07-19 03:01:07,1900-01-00 00:00:00,Meidan Millioni,E8:CC:18:A8:69:2A,-43, WPA2 ,0.000000,0.000000,0.000,0.000,AP
2021-07-19 03:01:07,1900-01-00 00:00:00,Meidan Millioni,E8:CC:18:A8:69:2A,-43, WPA2 ,0.000000,0.000000,0.000,0.000,AP
2021-07-19 03:01:07,1900-01-00 00:00:00,Meidan Millioni,E8:CC:18:A8:69:2A,-41, WPA2 ,0.000000,0.000000,0.000,0.000,AP
2021-07-19 03:01:07,1900-01-00 00:00:00,Meidan Millioni,E8:CC:18:A8:69:2A,-43, WPA2 ,0.000000,0.000000,0.000,0.000,AP
2021-07-19 03:01:07,1900-01-00 00:00:00,Meidan Millioni,E8:CC:18:A8:69:2A,-43, WPA2 ,0.000000,0.000000,0.000,0.000,AP
2021-07-19 03:01:07,1900-01-00 00:00:00,Meidan Millioni,E8:CC:18:A8:69:2A,-43, WPA2 ,0.000000,0.000000,0.000,0.000,AP
2021-07-19 03:01:07,1900-01-00 00:00:00,Meidan Millioni,E8:CC:18:A8:69:2A,-43, WPA2 ,0.000000,0.000000,0.000,0.000,AP
2021-07-19 03:01:07,1900-01-00 00:00:00,Meidan Millioni,E8:CC:18:A8:69:2A,-43, WPA2 ,0.000000,0.000000,0.000,0.000,AP
2021-07-19 03:01:07,1900-01-00 00:00:00,Meidan Millioni,E8:CC:18:A8:69:2A,-43, WPA2 ,0.000000,0.000000,0.000,0.000,AP
2021-07-19 03:01:08,1900-01-00 00:00:00,Meidan Millioni,E8:CC:18:A8:69:2A,-43, WPA2 ,0.000000,0.000000,0.000,0.000,AP
2021-07-19 03:01:08,1900-01-00 00:00:00,Meidan Millioni,E8:CC:18:A8:69:2A,-43, WPA2 ,0.000000,0.000000,0.000,0.000,AP
2021-07